FilmID,CompanyID
35,2420
36,24
37,30
38,26
39,33
40,34
47,56
49,26
50,515
53,49
53,50
53,51
53,52
53,53
54,43
55,546
55,4328
56,37
56,38
57,30
58,30
59,47
60,30
61,32
62,30
63,57
64,30
65,41
66,4326
67,55
68,30
69,36
70,48
71,26
72,30
73,42
74,42
75,26
76,26
77,26
78,26
79,26
80,26
81,26
82,26
83,42
84,30
85,30
86,43
87,54
88,54
89,43
90,30
91,45
91,46
92,30
93,31
94,39
94,40
95,39
95,40
96,40
96,389
97,39
97,40
98,39
98,40
99,39
99,40
100,39
100,40
101,39
101,40
102,39
102,40
103,81
104,81
105,81
106,81
107,81
108,26
109,26
110,26
111,26
112,58
113,59
115,60
116,61
117,62
119,62
120,64
120,65
121,66
123,67
123,68
124,361
126,67
126,68
127,67
127,68
128,67
128,68
129,67
129,68
130,67
130,68
131,67
131,68
132,67
132,68
133,67
133,68
134,72
135,72
136,72
137,72
138,72
139,72
140,72
141,4266
142,72
143,72
144,80
145,63
147,82
149,83
150,85
151,88
152,89
153,82
157,785
157,801
158,785
158,801
159,801
160,82
162,26
163,54
164,54
165,4283
167,92
168,93
169,26
169,94
170,95
171,97
172,98
173,99
174,100
175,100
176,343
178,62
178,195
178,446
179,101
180,102
181,97
181,103
182,104
183,106
184,107
185,108
186,98
188,109
189,110
190,111
191,112
192,113
193,114
193,2436
193,2437
194,115
195,116
196,117
198,118
199,119
202,120
204,100
204,121
205,122
206,100
207,100
208,100
209,100
210,100
211,100
212,100
213,123
214,124
215,125
216,108
217,126
218,94
219,127
221,518
222,130
223,131
224,108
224,2600
225,132
225,2600
226,133
227,134
229,135
230,136
231,2454
232,137
233,138
234,139
235,140
236,141
237,143
237,303
240,143
240,303
241,142
242,143
243,144
244,145
245,146
246,147
247,42
248,148
249,149
250,107
252,152
253,153
254,127
256,155
257,42
258,26
258,94
259,156
260,157
261,142
262,117
263,158
264,159
265,26
265,94
266,160
267,161
267,2435
268,162
268,163
269,164
270,165
271,135
272,491
272,516
273,167
274,168
275,169
276,136
277,136
278,136
279,170
280,171
281,173
282,174
283,175
284,176
285,177
286,132
286,2600
287,178
288,179
289,132
290,180
291,155
292,181
293,182
294,183
295,184
296,185
297,67
298,186
299,187
300,26
302,186
303,188
304,190
305,192
306,186
307,193
309,194
310,62
310,195
312,26
312,196
313,197
314,198
315,199
316,200
318,201
319,46
319,203
319,570
320,108
321,204
322,205
323,206
324,207
325,26
326,207
327,210
328,756
329,209
330,197
332,197
333,211
334,212
335,214
335,215
336,213
337,214
338,214
338,215
339,216
340,82
341,217
342,218
343,219
345,220
346,222
348,223
348,224
348,225
349,188
350,227
351,228
352,230
356,231
356,232
356,233
357,235
358,237
358,1367
358,1368
360,188
361,1028
361,4184
363,239
364,241
365,242
366,243
367,244
368,244
369,4022
370,123
371,123
373,245
377,246
378,4019
380,212
381,249
383,250
384,251
385,4013
386,252
387,253
388,254
389,252
391,39
392,255
395,257
396,259
397,260
398,261
399,42
400,262
401,263
403,212
404,264
405,39
406,265
408,269
408,270
409,266
409,267
409,268
410,271
411,272
413,245
414,273
415,67
416,274
417,211
418,275
419,277
420,278
422,4122
423,279
426,280
427,200
428,282
429,209
430,142
431,197
432,285
433,287
434,286
435,197
436,288
437,288
438,289
439,290
440,108
440,291
442,424
442,800
443,424
443,800
444,424
444,800
445,292
447,199
448,293
449,199
450,294
451,295
452,297
453,143
453,303
454,298
455,299
456,301
457,44
457,302
458,305
459,306
460,26
461,155
462,307
463,26
464,108
465,310
466,312
467,313
467,314
467,315
469,316
470,317
471,318
472,319
473,320
475,321
476,67
477,322
478,123
479,66
480,323
481,324
482,325
483,108
484,328
485,329
486,330
488,332
489,334
491,338
492,337
493,340
494,90
495,161
497,341
498,3931
500,197
501,287
502,343
503,344
504,245
505,345
506,346
508,347
509,272
510,245
511,348
512,349
513,350
514,351
515,344
516,288
517,345
518,217
519,352
520,245
521,201
522,353
523,354
524,354
525,355
528,67
529,357
530,156
531,26
532,196
532,211
533,360
534,3182
535,3949
536,261
537,801
538,317
539,197
540,197
541,362
542,272
543,363
544,365
545,2455
546,47
546,366
547,367
548,368
549,369
550,370
551,371
552,373
553,201
555,375
556,374
557,372
558,290
559,376
561,378
562,380
564,379
565,382
566,261
567,383
569,381
570,123
570,384
571,2681
573,197
574,385
576,386
577,291
578,387
580,320
581,108
581,244
582,123
583,389
584,388
585,390
586,372
587,26
588,2978
589,209
590,123
591,393
593,394
594,396
595,398
597,345
600,44
601,82
602,197
603,82
604,801
605,399
607,67
607,352
608,400
609,26
610,60
611,198
612,2453
613,401
614,402
615,403
615,404
616,405
617,198
617,291
618,108
619,320
620,294
622,254
623,406
624,63
625,372
625,407
626,199
627,408
628,209
629,409
629,410
630,199
631,199
632,411
633,67
634,412
635,123
636,108
637,63
638,155
639,199
639,254
640,254
641,254
642,199
643,199
644,254
645,202
646,202
647,203
648,203
649,202
650,202
651,203
652,203
653,413
654,202
655,414
656,415
657,416
658,417
659,498
659,2433
660,63
661,418
662,421
663,108
664,67
665,372
666,123
667,422
668,67
668,423
669,199
669,425
669,3179
670,424
670,800
671,424
671,800
672,40
672,188
674,188
675,100
676,108
677,427
678,422
679,428
680,608
681,430
682,228
683,209
683,294
684,3937
685,432
686,433
687,2538
688,435
689,436
690,30
691,143
691,303
692,438
693,298
694,439
695,394
695,440
697,442
698,363
699,142
700,444
701,174
703,448
704,54
705,451
706,454
707,143
707,303
708,455
709,296
710,457
711,67
712,458
713,459
715,461
716,462
717,463
718,194
718,394
718,440
720,2481
720,2482
721,466
722,469
724,459
725,470
726,473
728,475
731,2870
731,2871
732,478
733,481
734,482
735,483
736,484
737,478
738,127
738,485
739,486
740,440
741,103
742,487
743,30
744,488
745,489
746,490
747,491
749,492
751,493
752,496
753,197
754,290
755,320
757,320
758,424
758,800
759,424
759,800
761,424
761,800
762,497
763,142
764,498
766,499
767,501
769,503
770,504
771,401
772,343
773,389
774,505
775,343
776,84
776,506
776,2697
777,38
778,507
779,508
780,509
781,510
782,67
783,252
784,67
785,108
786,211
787,389
788,244
789,511
789,2893
789,3091
790,517
791,197
792,279
793,519
794,40
795,520
796,198
797,521
798,522
799,523
800,525
801,424
801,526
801,800
802,424
803,108
804,497
805,211
805,530
806,531
806,532
806,533
807,536
808,538
809,540
810,542
811,543
812,543
813,543
814,544
815,545
815,546
816,547
817,548
818,551
819,552
820,553
821,557
822,558
823,54
823,560
824,67
824,490
824,561
825,564
826,566
827,44
827,567
828,569
829,571
830,572
831,479
832,252
833,573
834,211
835,67
836,574
837,575
838,123
839,576
840,84
841,67
842,577
843,578
844,389
845,389
846,579
847,108
848,580
849,554
849,579
850,389
851,568
852,108
853,26
854,581
855,141
856,582
857,459
858,30
859,583
861,584
862,585
863,67
864,123
865,586
866,587
867,123
868,588
869,589
870,42
871,479
872,459
873,590
874,42
875,591
876,592
877,26
878,479
879,593
880,67
881,594
882,595
883,596
884,597
885,598
886,372
887,3814
887,3948
888,67
889,600
890,67
891,252
892,459
893,244
894,601
896,537
896,538
897,62
897,446
897,602
898,605
899,317
900,201
901,606
902,320
903,3129
904,320
905,372
906,407
907,252
908,390
909,424
910,188
911,607
912,608
913,497
914,609
916,293
917,610
920,90
921,298
922,612
923,615
924,537
924,538
925,478
926,618
927,2483
928,621
929,624
931,627
933,344
934,345
935,380
936,201
937,606
938,290
939,630
940,290
942,198
943,520
944,631
945,390
946,633
947,634
949,188
950,54
951,549
951,550
952,637
954,44
954,567
955,639
956,641
957,62
957,498
957,570
958,26
959,527
960,212
961,459
962,459
963,459
964,211
965,581
966,211
967,390
968,642
970,82
971,459
972,643
973,379
974,26
975,644
976,193
977,647
978,649
980,26
981,26
982,650
983,651
984,108
985,228
988,228
989,656
990,658
991,661
992,431
993,663
994,160
994,664
995,667
996,668
997,669
998,228
999,143
999,303
999,670
1000,261
1001,673
1002,503
1002,674
1003,665
1003,666
1003,667
1004,675
1005,676
1006,677
1007,671
1007,672
1008,56
1008,678
1009,679
1010,211
1010,389
1010,680
1011,287
1012,345
1013,272
1014,344
1015,217
1016,26
1017,380
1017,630
1018,379
1019,26
1020,338
1021,252
1022,26
1023,682
1024,107
1025,683
1026,684
1027,553
1028,4191
1031,155
1033,211
1034,94
1035,125
1036,686
1037,67
1037,868
1037,2443
1038,125
1039,4232
1040,198
1041,459
1042,520
1043,320
1044,320
1045,108
1046,320
1047,108
1048,4231
1049,424
1050,188
1051,108
1052,688
1053,689
1054,691
1055,692
1056,188
1057,693
1058,436
1059,438
1060,143
1060,303
1061,696
1062,478
1063,697
1063,698
1063,699
1064,252
1065,211
1066,700
1067,459
1068,173
1069,252
1070,123
1071,108
1072,701
1072,1382
1073,356
1074,488
1075,488
1076,488
1077,488
1078,108
1079,702
1080,705
1081,708
1082,710
1083,711
1084,713
1085,388
1086,254
1087,54
1088,714
1089,199
1089,583
1090,717
1091,143
1091,303
1093,478
1094,56
1094,478
1095,492
1096,36
1096,720
1097,143
1097,303
1098,671
1098,672
1098,673
1099,721
1100,724
1101,725
1102,728
1103,143
1103,303
1104,685
1104,729
1105,730
1106,671
1106,672
1107,731
1108,63
1109,732
1110,733
1111,734
1112,735
1115,158
1117,739
1118,741
1119,742
1120,744
1122,298
1123,36
1124,745
1125,745
1126,294
1127,294
1128,746
1129,294
1130,294
1130,431
1131,294
1132,338
1132,662
1133,43
1134,294
1135,391
1135,393
1135,503
1136,391
1136,747
1137,391
1137,393
1138,393
1139,393
1139,748
1140,725
1141,749
1142,294
1143,391
1144,503
1144,750
1145,338
1145,751
1146,2451
1147,752
1148,752
1149,755
1150,143
1150,303
1151,143
1151,303
1152,143
1152,303
1153,143
1153,303
1154,143
1154,303
1155,143
1155,303
1156,143
1156,303
1157,143
1157,303
1158,143
1158,303
1159,143
1159,303
1160,143
1160,303
1161,143
1161,303
1162,431
1163,757
1164,431
1165,431
1166,431
1167,431
1168,293
1168,431
1169,431
1170,293
1170,431
1171,431
1171,758
1172,431
1173,431
1174,431
1175,756
1176,644
1177,431
1178,431
1179,760
1180,761
1181,431
1182,62
1183,431
1184,431
1185,764
1186,765
1187,431
1188,766
1189,767
1190,372
1191,372
1192,407
1193,372
1194,407
1195,768
1196,769
1197,770
1198,90
1198,461
1198,771
1199,228
1200,44
1200,302
1202,772
1202,773
1202,774
1203,775
1204,197
1205,776
1206,4310
1207,390
1209,697
1209,698
1209,699
1210,778
1211,779
1212,782
1215,431
1215,725
1216,783
1217,713
1217,784
1218,785
1218,801
1219,82
1219,785
1220,785
1220,801
1221,82
1221,785
1222,785
1222,801
1223,197
1224,343
1226,82
1227,82
1227,801
1228,787
1229,789
1230,791
1231,792
1232,272
1233,367
1234,606
1235,343
1236,793
1237,401
1238,380
1238,630
1240,385
1241,320
1242,108
1242,198
1243,108
1243,198
1244,108
1244,198
1245,123
1246,108
1247,123
1248,123
1250,123
1251,3129
1252,794
1252,795
1253,108
1254,372
1255,796
1256,108
1257,520
1258,416
1259,669
1260,416
1261,416
1263,798
1264,520
1265,521
1267,799
1271,3968
1274,279
1275,279
1276,197
1277,82
1277,785
1278,801
1279,785
1279,801
1280,801
1281,82
1282,801
1283,270
1285,279
1286,317
1287,785
1287,801
1288,802
1290,801
1291,801
1294,803
1295,804
1296,805
1297,806
1298,201
1299,354
1301,352
1302,201
1303,201
1304,67
1305,807
1306,211
1306,520
1307,211
1307,520
1308,211
1308,520
1309,211
1309,520
1310,520
1311,520
1312,520
1313,520
1314,520
1315,520
1316,520
1317,123
1318,123
1319,521
1320,521
1321,521
1322,521
1323,521
1325,320
1326,320
1327,320
1328,320
1329,808
1330,809
1331,320
1332,320
1334,320
1335,320
1336,320
1337,320
1338,320
1339,320
1340,320
1341,320
1342,320
1343,320
1344,320
1345,320
1346,377
1349,810
1350,424
1350,800
1351,424
1351,800
1352,424
1352,800
1353,424
1353,800
1354,424
1354,800
1355,424
1355,800
1356,424
1356,800
1357,424
1357,800
1358,424
1358,800
1359,424
1359,800
1360,424
1360,800
1361,424
1361,800
1362,424
1362,800
1363,424
1363,800
1364,424
1364,800
1365,424
1365,800
1366,424
1366,800
1367,424
1367,800
1368,424
1368,800
1369,424
1369,800
1370,424
1370,800
1371,424
1371,800
1372,424
1372,800
1373,424
1373,800
1374,424
1374,800
1375,424
1375,800
1376,424
1376,800
1377,424
1377,800
1378,424
1378,800
1379,424
1379,800
1380,424
1380,800
1381,424
1381,800
1382,424
1382,800
1383,424
1383,800
1384,424
1384,800
1385,424
1385,800
1386,424
1386,800
1387,424
1387,800
1388,424
1388,800
1389,723
1389,811
1389,2430
1389,2431
1389,2432
1390,424
1390,800
1391,424
1391,800
1392,424
1392,800
1393,424
1393,800
1394,424
1394,800
1395,424
1395,800
1396,424
1396,800
1397,424
1397,800
1398,424
1398,800
1399,424
1399,800
1400,424
1400,800
1401,424
1401,800
1402,424
1402,800
1403,424
1403,800
1405,424
1405,800
1406,188
1407,424
1407,800
1408,424
1408,800
1409,424
1409,800
1410,424
1410,800
1411,424
1411,800
1412,424
1412,800
1413,424
1413,800
1414,424
1414,800
1415,424
1415,800
1416,424
1416,800
1417,424
1417,800
1418,424
1418,800
1419,424
1419,800
1420,424
1420,800
1421,424
1421,800
1422,424
1422,800
1423,424
1423,800
1424,424
1424,800
1425,424
1425,800
1426,424
1426,800
1427,424
1427,800
1428,424
1428,800
1429,424
1429,800
1430,669
1431,385
1432,198
1433,198
1434,108
1434,198
1435,108
1435,198
1436,198
1437,108
1438,108
1439,108
1440,108
1441,108
1442,108
1443,108
1445,815
1446,817
1447,819
1448,822
1449,823
1450,583
1451,30
1452,57
1453,30
1455,826
1456,68
1457,829
1458,827
1458,830
1458,831
1459,2429
1460,834
1461,54
1462,836
1463,835
1464,68
1465,827
1465,837
1465,838
1466,840
1467,841
1468,842
1469,841
1470,841
1471,841
1472,694
1473,694
1473,695
1474,694
1475,694
1475,695
1476,694
1477,694
1478,694
1478,695
1479,751
1479,844
1480,30
1481,30
1486,845
1487,30
1489,846
1490,68
1491,68
1492,68
1493,68
1494,847
1495,30
1496,30
1497,30
1498,30
1499,30
1500,30
1501,30
1502,30
1503,30
1504,68
1505,669
1506,669
1507,669
1508,669
1509,669
1510,30
1511,142
1512,142
1513,142
1514,142
1516,123
1517,252
1518,274
1519,396
1519,848
1519,849
1520,851
1521,196
1521,791
1525,852
1528,26
1529,791
1529,853
1530,791
1530,853
1531,854
1532,26
1533,26
1534,293
1535,293
1536,293
1537,293
1538,293
1539,293
1543,536
1543,542
1543,659
1545,856
1546,498
1547,72
1548,72
1549,72
1550,30
1551,30
1552,30
1553,30
1554,30
1556,859
1557,94
1557,860
1558,858
1558,860
1558,861
1559,30
1561,30
1562,30
1563,30
1564,30
1565,863
1566,864
1569,67
1569,865
1570,67
1571,865
1572,254
1572,866
1573,254
1578,390
1579,390
1580,390
1581,390
1582,390
1583,390
1584,390
1585,868
1587,869
1588,870
1589,871
1590,694
1591,694
1592,694
1593,694
1594,694
1596,694
1597,694
1598,694
1599,694
1600,694
1601,872
1602,694
1603,694
1604,393
1605,694
1606,818
1606,873
1606,874
1607,873
1608,875
1610,878
1611,879
1615,694
1615,695
1619,385
1620,880
1621,198
1623,108
1624,881
1625,431
1626,431
1627,431
1628,431
1629,293
1630,293
1631,293
1632,293
1633,293
1634,293
1636,293
1637,293
1638,293
1639,293
1640,293
1641,293
1642,293
1643,293
1644,293
1646,293
1646,3591
1647,293
1648,293
1650,293
1651,293
1652,293
1653,293
1654,293
1655,293
1656,293
1657,293
1660,671
1660,672
1662,92
1664,30
1665,30
1666,30
1669,3130
1671,671
1671,672
1672,293
1675,436
1676,882
1681,30
1682,30
1683,801
1684,801
1685,883
1686,884
1687,884
1688,883
1689,885
1690,886
1691,197
1691,376
1692,887
1693,349
1694,346
1695,354
1696,888
1697,606
1699,379
1700,889
1701,4045
1702,890
1703,891
1704,201
1705,123
1706,893
1707,389
1708,212
1709,895
1710,389
1711,896
1713,897
1714,252
1715,898
1717,899
1718,901
1719,60
1719,902
1720,3039
1721,459
1722,903
1723,906
1724,908
1725,407
1726,910
1727,911
1728,912
1729,913
1730,914
1731,401
1732,97
1732,916
1732,3701
1733,919
1734,197
1735,198
1736,198
1737,920
1738,923
1739,30
1740,30
1741,30
1742,30
1743,30
1745,30
1746,30
1748,924
1749,67
1750,925
1751,927
1752,1282
1753,928
1754,929
1754,930
1754,931
1755,459
1756,933
1757,294
1758,498
1758,570
1758,580
1759,936
1760,937
1761,940
1762,943
1763,944
1763,945
1763,946
1764,782
1764,947
1765,948
1766,950
1767,108
1768,953
1769,954
1771,955
1776,956
1781,958
1782,959
1782,960
1783,961
1784,964
1786,293
1787,308
1787,965
1789,967
1791,438
1791,498
1792,438
1792,498
1793,438
1793,498
1794,438
1794,498
1795,438
1795,498
1797,968
1798,968
1800,294
1800,969
1801,970
1802,4264
1803,801
1804,785
1804,801
1805,390
1806,971
1807,972
1808,907
1808,973
1809,976
1810,908
1810,977
1811,980
1812,981
1813,108
1813,459
1814,211
1814,982
1816,983
1817,294
1818,984
1819,254
1820,985
1821,379
1822,168
1823,389
1824,986
1825,67
1826,987
1827,26
1828,211
1828,520
1829,123
1829,988
1830,108
1831,108
1832,108
1833,989
1834,108
1834,198
1835,521
1836,26
1837,521
1838,108
1839,990
1840,992
1841,994
1842,883
1844,996
1845,997
1846,254
1847,998
1848,999
1848,1000
1849,898
1850,1001
1851,123
1852,1002
1853,40
1854,54
1854,1003
1855,1004
1856,1005
1857,1006
1858,1008
1859,853
1860,211
1861,1010
1862,3133
1863,3132
1864,1012
1865,1013
1866,1014
1867,1015
1867,1016
1867,1017
1868,1019
1869,212
1870,3971
1872,1020
1873,207
1874,44
1875,751
1876,1022
1877,521
1878,1024
1879,1025
1880,1026
1880,1027
1880,1028
1881,1029
1882,26
1883,550
1883,1030
1884,1031
1885,705
1885,784
1886,478
1888,1032
1889,705
1889,784
1890,30
1891,123
1892,30
1893,1033
1894,211
1894,520
1895,30
1896,1034
1897,30
1898,30
1899,211
1899,520
1900,30
1900,1035
1901,411
1902,782
1902,1036
1903,30
1904,846
1905,26
1906,26
1907,26
1908,1037
1909,791
1909,854
1910,791
1910,853
1911,1038
1913,1034
1913,1039
1914,1040
1915,1041
1916,26
1917,751
1917,1042
1918,1043
1918,1044
1919,1046
1920,1047
1923,640
1923,641
1923,734
1924,1050
1925,1052
1926,1053
1927,1051
1928,1055
1929,54
1930,1058
1931,570
1931,1059
1931,1060
1932,570
1932,1059
1932,1060
1933,570
1933,1059
1933,1060
1934,1062
1935,1063
1936,1064
1937,108
1938,1065
1939,46
1939,123
1939,1066
1940,1069
1941,1070
1942,1071
1943,846
1944,2715
1945,1072
1946,385
1947,1076
1948,94
1948,858
1948,1077
1949,1079
1950,1080
1951,108
1951,1078
1951,1079
1952,1081
1953,1082
1954,108
1954,1078
1955,108
1955,1078
1956,1083
1957,1086
1959,1089
1960,1091
1961,1092
1962,1094
1963,125
1963,305
1963,441
1964,1096
1965,1098
1966,1100
1967,1102
1968,211
1968,1104
1969,1105
1970,108
1970,907
1970,1106
1971,723
1972,1107
1972,1108
1973,1109
1974,1110
1975,1111
1976,1112
1977,1113
1978,492
1978,1113
1979,492
1980,492
1980,791
1980,1113
1981,492
1981,1060
1981,1113
1982,1114
1983,1115
1984,342
1985,290
1987,1116
1988,197
1989,1117
1990,1118
1991,1119
1992,1116
1993,1120
1994,1121
1995,1122
1998,1123
1999,3930
2000,1124
2001,4123
2002,1126
2003,1127
2004,1116
2005,405
2006,1130
2007,108
2007,166
2008,1133
2010,791
2010,1135
2011,1136
2012,239
2012,539
2013,791
2013,1138
2014,123
2014,211
2014,624
2015,118
2015,211
2015,624
2016,1141
2017,1142
2018,1114
2018,1144
2019,1146
2020,1148
2021,1150
2022,791
2022,1144
2023,1151
2024,1153
2025,791
2025,850
2026,1154
2027,211
2028,108
2028,1155
2029,1158
2030,378
2031,159
2031,542
2031,732
2032,26
2033,791
2033,1159
2034,1160
2035,26
2036,254
2038,1163
2039,791
2039,1165
2040,114
2040,1167
2041,791
2041,2701
2041,2702
2042,1168
2043,1169
2044,1170
2045,1172
2046,1175
2047,1177
2048,1178
2049,294
2050,294
2052,1179
2054,294
2054,338
2055,43
2056,1181
2057,1182
2058,694
2058,751
2058,1183
2059,1184
2060,694
2061,1173
2063,751
2063,843
2064,1186
2065,1187
2065,1188
2066,1190
2068,294
2069,294
2069,751
2069,1068
2070,294
2070,1395
2072,43
2075,1192
2076,294
2078,694
2079,294
2081,694
2081,1193
2082,294
2084,751
2085,294
2087,1194
2088,1194
2089,294
2090,1195
2091,1197
2092,294
2092,431
2093,1198
2094,1199
2095,1034
2095,1039
2096,1200
2097,63
2098,30
2099,254
2100,30
2102,1201
2103,391
2103,393
2104,1034
2104,1039
2105,254
2106,141
2107,1203
2108,411
2109,199
2110,377
2113,377
2114,139
2116,1198
2118,1200
2119,1206
2120,411
2121,30
2122,1034
2122,1207
2123,1207
2125,63
2126,30
2127,30
2128,254
2128,799
2129,63
2130,1034
2130,1207
2131,1034
2131,1207
2132,494
2133,1208
2136,1122
2137,1209
2139,1116
2140,30
2141,777
2144,1198
2145,1211
2146,269
2147,1212
2149,1215
2151,269
2152,920
2152,1217
2153,1219
2154,1220
2155,54
2156,552
2157,740
2158,1221
2160,3923
2161,1224
2162,1225
2163,1227
2164,697
2165,1229
2166,463
2166,554
2167,1232
2169,697
2170,1234
2171,1235
2172,1236
2174,697
2175,697
2176,953
2176,1237
2178,1239
2179,1241
2180,1242
2180,1243
2180,1244
2181,1246
2182,1248
2184,1249
2185,542
2185,1251
2186,1254
2187,1255
2190,108
2191,1257
2192,1260
2193,1262
2194,3929
2196,1265
2197,906
2198,3932
2199,1266
2204,755
2204,906
2208,3629
2209,389
2210,62
2211,436
2212,211
2212,1103
2212,1104
2213,1267
2220,1268
2221,1270
2222,1271
2223,1272
2225,3932
2226,1273
2228,1275
2229,3978
2230,1278
2231,1279
2232,1281
2233,2743
2234,1284
2235,1287
2236,1288
2238,389
2239,459
2240,1147
2241,389
2242,459
2243,1129
2244,1147
2245,1289
2246,1290
2247,467
2248,1152
2249,1181
2250,1147
2251,1152
2252,649
2253,211
2254,479
2255,42
2256,1291
2257,591
2258,591
2259,125
2260,459
2261,459
2262,210
2263,118
2264,1119
2265,1292
2266,40
2267,125
2268,1293
2269,479
2270,156
2271,108
2272,389
2273,211
2274,67
2275,1294
2276,1146
2278,1273
2279,1295
2280,1296
2281,211
2282,211
2283,100
2283,1297
2284,1295
2286,732
2287,136
2288,1298
2289,305
2290,1299
2291,114
2292,132
2293,1300
2294,4185
2295,1301
2297,1295
2299,3950
2300,1304
2301,1302
2302,1306
2303,141
2304,1307
2305,1310
2306,1312
2307,1315
2308,1316
2309,1319
2310,199
2310,1305
2310,1306
2312,1265
2314,1321
2315,1269
2316,3935
2317,1295
2319,906
2322,1294
2325,1322
2326,1317
2327,1323
2329,1324
2330,1269
2331,1325
2332,1325
2333,1295
2334,838
2335,94
2336,1326
2337,1327
2338,1328
2339,1329
2340,94
2341,108
2342,108
2343,67
2343,2586
2344,1330
2345,1331
2346,108
2347,1119
2348,1332
2349,127
2350,597
2351,492
2351,1060
2352,1335
2353,1336
2354,1337
2355,1338
2356,1119
2356,1147
2356,1338
2357,1119
2357,1147
2357,1338
2358,3939
2360,3962
2361,1340
2362,1342
2364,1343
2365,1346
2367,1349
2368,1350
2369,1351
2370,1352
2373,1353
2374,3988
2375,4018
2379,1354
2380,1355
2381,1352
2382,1356
2383,1357
2388,4214
2389,1358
2390,1343
2391,1343
2392,1359
2393,1344
2393,1360
2394,1361
2395,1362
2397,1364
2398,1365
2399,389
2400,1366
2402,1370
2403,1373
2404,1374
2406,1377
2408,1378
2410,1379
2411,490
2411,1380
2412,1383
2413,455
2414,822
2414,1383
2414,1384
2415,1387
2416,127
2417,685
2417,729
2420,1388
2421,818
2422,1388
2423,4287
2424,1388
2425,1389
2426,1389
2428,4327
2430,1193
2431,294
2432,36
2433,1390
2434,694
2435,1391
2436,751
2436,1176
2436,1177
2437,1393
2438,751
2438,1394
2440,36
2441,1194
2443,391
2443,393
2443,749
3430,431
3430,725
3431,2391
3431,2392
3432,328
3433,2393
3434,2396
3435,2405
3436,2397
3437,2398
3438,2395
3439,1001
3440,2399
3440,2400
3441,725
3442,2403
3443,2404
3444,2405
3445,2405
3446,968
3448,2397
3449,407
3450,407
3451,407
3452,2406
3452,2407
3453,2408
3454,2409
3455,378
3456,968
3457,2411
3460,2412
3461,390
3462,1272
3465,2405
3466,2413
3467,2415
3468,2416
3469,2397
3470,372
3471,818
3472,54
3472,2417
3473,2418
3474,414
3475,1388
3476,2422
3477,2423
3478,343
3479,2425
3480,818
3481,1388
3482,1317
3482,2426
3483,2422
3483,2428
3484,1388
3485,2434
3486,2442
3487,2444
3488,2445
3490,2446
3491,3987
3492,3044
3494,1378
3495,2447
3496,4011
3497,2448
3497,2449
3497,2450
3498,4010
3499,2452
3500,2458
3501,4010
3502,2446
3503,2459
3504,2460
3505,2461
3506,860
3506,2462
3507,2463
3508,2464
3509,2465
3510,2466
3511,857
3511,859
3511,860
3512,2468
3513,2471
3514,1267
3515,2472
3516,624
3516,863
3516,2473
3517,2475
3519,2476
3520,2478
3521,955
3522,2476
3522,2484
3523,955
3523,2474
3523,2485
3524,2486
3525,2489
3526,2490
3527,2401
3527,2491
3528,2494
3529,199
3529,3179
3530,199
3531,199
3532,924
3532,3179
3533,2495
3534,63
3535,63
3536,199
3537,30
3538,924
3539,2496
3540,199
3541,199
3542,63
3543,36
3543,43
3544,751
3545,4124
3546,54
3547,338
3547,1130
3547,2497
3548,2498
3549,2502
3550,2446
3550,2504
3551,2506
3552,2507
3553,211
3553,648
3554,813
3555,2508
3555,2509
3556,2511
3557,2512
3558,2514
3559,431
3560,2517
3561,62
3561,241
3562,188
3562,2518
3564,749
3564,1212
3564,2519
3565,2522
3566,2523
3567,2524
3568,697
3569,2525
3570,2451
3571,860
3571,2526
3572,2528
3573,2530
3574,369
3575,459
3576,2531
3577,932
3577,933
3578,2532
3579,431
3580,431
3581,2527
3581,2533
3582,2535
3583,968
3584,293
3585,293
3585,393
3587,293
3588,293
3589,293
3590,293
3591,293
3592,293
3593,293
3594,2537
3595,2539
3596,2540
3597,2541
3598,431
3599,431
3600,725
3601,2542
3602,725
3603,725
3604,431
3604,725
3605,725
3606,431
3607,431
3607,2542
3608,431
3609,725
3610,378
3611,431
3612,431
3613,431
3614,756
3614,765
3615,431
3616,2543
3618,725
3619,2544
3620,431
3621,293
3623,725
3624,2546
3625,431
3626,431
3627,431
3627,2547
3628,26
3629,431
3630,431
3631,2548
3632,431
3633,431
3634,2549
3635,2550
3636,2405
3637,431
3638,2553
3639,2507
3640,2507
3641,2507
3642,2507
3644,2507
3646,2507
3647,2507
3649,2507
3650,44
3650,302
3651,2556
3652,302
3652,2507
3653,302
3653,2507
3654,567
3654,2507
3655,567
3655,2507
3656,2558
3657,2560
3658,697
3659,697
3660,697
3662,697
3663,697
3663,698
3664,697
3665,2562
3666,2563
3667,252
3668,459
3668,1144
3668,1165
3669,2565
3670,2567
3671,26
3671,67
3672,2568
3672,2569
3673,1153
3673,2570
3674,2571
3674,2572
3675,2574
3676,801
3677,2575
3677,2576
3677,2577
3678,2579
3679,1147
3679,1338
3679,2579
3680,1147
3680,1338
3680,2579
3681,1147
3681,1338
3681,2579
3682,2580
3682,2581
3682,2582
3683,2583
3684,1062
3685,2584
3685,2585
3686,2586
3687,2587
3687,2588
3688,2589
3688,2590
3689,618
3690,2591
3690,2592
3690,2593
3691,2594
3691,2595
3691,2596
3692,128
3692,799
3695,2597
3695,2598
3695,2599
3697,2600
3698,906
3698,3181
3699,2601
3700,2603
3702,2604
3702,2605
3702,2606
3703,254
3705,210
3705,939
3705,1204
3706,1147
3706,2607
3707,1045
3709,2608
3710,1321
3711,552
3712,782
3712,2609
3712,2610
3714,26
3715,682
3715,835
3717,2611
3719,2612
3719,2613
3719,2614
3720,1228
3720,2615
3720,2616
3721,390
3722,976
3722,2617
3722,2618
3723,515
3723,2619
3723,2620
3724,127
3724,2621
3724,2622
3725,2623
3725,2624
3726,492
3726,1060
3726,1113
3728,2625
3729,2626
3729,2627
3730,2628
3732,2629
3732,2630
3732,2631
3733,839
3735,2632
3735,2633
3735,2634
3736,2635
3737,2636
3737,2637
3737,2638
3738,4100
3739,199
3739,778
3739,1039
3740,1039
3741,1110
3742,2639
3742,2640
3742,2641
3743,618
3744,127
3744,542
3744,2642
3746,2643
3747,2646
3748,2644
3748,2645
3748,2646
3749,228
3750,2647
3751,2648
3752,2649
3752,2650
3753,2651
3754,2652
3755,385
3756,2653
3757,2653
3758,2653
3759,2654
3759,2655
3760,211
3760,2607
3760,2656
3763,1388
3764,229
3764,230
3765,749
3766,791
3766,1134
3766,2659
3767,895
3767,2660
3767,2661
3769,2664
3770,763
3770,2400
3772,4021
3773,4021
3773,4042
3774,2666
3775,2669
3776,2670
3777,2671
3778,3945
3782,4332
3784,127
3784,710
3784,2672
3785,2673
3785,2674
3786,2673
3786,2674
3787,2673
3787,2674
3787,2675
3788,2673
3788,2674
3788,2676
3790,490
3790,1046
3791,2398
3791,2677
3792,2680
3793,2528
3793,2682
3793,2683
3794,2684
3794,2685
3794,2686
3795,2395
3795,2398
3795,2687
3796,2687
3796,2688
3796,2689
3797,2690
3797,2691
3798,154
3799,211
3799,2692
3799,2693
3800,2694
3801,867
3801,2695
3802,1031
3803,839
3804,2696
3805,2698
3805,2699
3805,2700
3806,196
3806,791
3806,2703
3807,475
3807,1027
3807,2704
3808,648
3808,791
3808,1144
3809,436
3810,298
3810,2705
3811,2706
3811,2707
3812,2706
3812,2707
3813,2706
3813,2707
3814,2708
3815,1378
3816,1378
3817,839
3818,2709
3820,784
3820,2711
3821,2711
3821,2712
3822,705
3822,784
3822,2713
3823,784
3824,2710
3824,2711
3826,1317
3827,1295
3828,1268
3830,1295
3831,2716
3832,2538
3833,208
3834,691
3834,707
3834,2717
3835,305
3835,2671
3836,2718
3837,67
3837,868
3838,2500
3838,2502
3839,2720
3840,2721
3841,2722
3842,2723
3843,2724
3844,159
3844,751
3844,2725
3845,671
3846,671
3846,673
3847,2726
3847,2727
3847,2728
3848,2729
3849,2730
3850,671
3851,2731
3851,2732
3852,2733
3853,2734
3854,385
3855,2395
3855,2687
3855,2735
3856,2398
3856,2677
3857,2399
3857,2400
3858,2398
3858,2677
3859,618
3859,2736
3860,2406
3860,2407
3861,2398
3861,2407
3862,926
3863,926
3864,2737
3864,2738
3864,2739
3865,2740
3866,108
3866,2741
3867,2742
3868,2744
3869,2744
3870,2744
3870,4187
3870,4188
3871,4188
3872,555
3872,2745
3872,2746
3873,2600
3874,294
3875,732
3875,2739
3876,2747
3877,671
3877,2748
3877,2749
3878,227
3878,2750
3879,671
3880,2751
3881,2752
3881,2753
3881,2754
3882,403
3882,404
3883,4285
3884,2755
3886,2756
3886,2757
3886,2758
3887,1249
3888,398
3888,2759
3888,2760
3889,254
3890,63
3892,254
3893,254
3893,2762
3894,254
3894,2763
3895,26
3896,26
3897,26
3898,26
3899,26
3900,26
3901,26
3902,26
3903,26
3904,26
3905,26
3906,26
3907,26
3908,26
3909,26
3910,26
3911,26
3912,26
3913,26
3914,26
3915,26
3916,26
3917,26
3918,26
3919,26
3920,26
3921,26
3922,26
3923,26
3924,26
3925,26
3926,26
3927,26
3928,26
3929,26
3930,26
3931,26
3932,26
3933,26
3934,26
3935,26
3936,26
3937,26
3938,26
3939,26
3940,26
3941,26
3942,26
3943,26
3944,26
3945,26
3946,26
3947,26
3948,26
3949,1166
3949,1167
3949,1254
3950,2764
3951,132
3951,1147
3951,2765
3952,118
3952,2766
3952,2767
3953,2768
3953,2769
3953,2770
3954,2771
3956,2772
3956,2773
3957,2774
3957,2775
3958,2776
3958,2777
3958,2778
3959,240
3959,1074
3959,2779
3960,2779
3960,2780
3960,2781
3961,108
3962,749
3962,2782
3963,2783
3963,2784
3964,2785
3964,2786
3965,2786
3966,240
3966,2787
3966,2788
3967,503
3967,2689
3968,3957
3969,2789
3970,2793
3973,2791
3974,2792
3975,2794
3976,907
3976,2795
3977,790
3977,791
3978,2797
3979,465
3979,2798
3980,58
3981,94
3981,2528
3981,2800
3982,32
3982,2528
3982,2803
3983,2804
3983,2805
3983,2806
3984,210
3984,2804
3984,2805
3985,2807
3986,2801
3986,2802
3987,108
3987,2808
3987,2809
3988,2810
3989,2811
3989,2812
3990,2813
3990,2814
3991,1147
3991,2815
3991,2816
3992,389
3992,2817
3993,196
3993,211
3993,2818
3994,127
3994,467
3994,542
3995,2819
3996,2820
3997,904
3997,2821
3997,2822
3998,67
3998,379
3999,2823
3999,2824
4000,2723
4000,2825
4000,2826
4001,732
4002,2827
4003,2829
4005,378
4006,2832
4006,2833
4007,2834
4007,2835
4009,749
4010,1249
4012,108
4012,2837
4013,459
4013,2838
4014,2839
4015,2840
4016,2841
4017,2503
4017,2842
4017,2843
4018,2503
4018,2844
4019,1162
4019,2503
4020,2845
4021,136
4022,2846
4023,2847
4024,2841
4025,108
4025,2848
4025,2849
4026,623
4026,2850
4027,2851
4028,356
4028,2852
4029,100
4030,100
4031,100
4032,2853
4033,2840
4034,2854
4036,2855
4036,2856
4036,2857
4037,2858
4037,2859
4037,2860
4038,651
4038,2859
4038,2861
4039,2862
4040,2851
4041,317
4042,2863
4043,2864
4044,860
4044,2865
4044,2866
4045,791
4045,2867
4046,2528
4046,2657
4046,2658
4047,108
4047,1078
4048,459
4048,2868
4048,2869
4049,2870
4049,2871
4050,47
4050,2872
4051,210
4051,2873
4051,2874
4052,210
4052,2875
4052,2876
4053,47
4053,2872
4054,47
4054,2872
4055,47
4055,240
4055,2872
4056,2877
4057,210
4057,2873
4057,2874
4058,210
4058,2878
4058,2879
4059,210
4059,2873
4059,2878
4060,210
4060,2867
4060,2875
4061,210
4061,2867
4061,2875
4064,30
4065,714
4066,30
4067,30
4069,2880
4070,30
4071,552
4072,30
4073,30
4074,30
4075,30
4076,30
4077,2881
4077,2882
4077,2883
4078,2884
4078,2885
4078,2886
4079,2887
4079,2888
4079,2889
4080,127
4080,542
4080,2890
4084,2893
4085,839
4087,2896
4088,286
4089,553
4090,2897
4090,2898
4091,498
4092,2899
4093,30
4094,2900
4094,2901
4094,2902
4096,2903
4096,2904
4096,2905
4097,2907
4098,651
4098,2908
4098,2909
4099,2903
4099,2910
4101,127
4101,2609
4101,2911
4102,1130
4102,2609
4102,2912
4103,2609
4103,2911
4103,2912
4104,127
4104,1130
4104,2609
4105,2913
4105,2914
4105,2915
4106,2916
4106,2917
4107,2918
4107,2919
4107,2920
4108,67
4108,2921
4108,2922
4109,1385
4109,1387
4110,2924
4111,2925
4111,2926
4111,2927
4112,2928
4113,2931
4116,3954
4117,1378
4118,1119
4119,358
4119,1114
4120,2932
4121,2935
4122,63
4122,2936
4123,1074
4123,2906
4123,2937
4124,2940
4125,379
4128,2941
4128,2942
4128,2943
4129,47
4129,1119
4129,2944
4130,2945
4130,2946
4130,2947
4131,2948
4131,2949
4131,2950
4132,985
4132,1230
4132,2951
4133,2952
4133,2954
4135,2955
4137,2956
4138,739
4138,2957
4140,2687
4140,2689
4140,2958
4141,732
4142,2959
4145,2961
4149,2963
4152,4215
4154,1115
4159,2968
4160,2969
4160,2970
4161,3254
4162,732
4162,2971
4162,2972
4165,2973
4167,4221
4168,612
4170,2974
4170,2975
4171,945
4171,946
4171,2976
4172,54
4172,2977
4174,2979
4174,2980
4175,2982
4177,2983
4178,2983
4178,2984
4179,2985
4181,740
4182,100
4183,531
4184,2986
4185,1027
4185,1272
4185,2987
4186,2988
4186,2989
4186,2990
4187,732
4187,2991
4191,2993
4193,2994
4194,2995
4195,293
4196,2396
4198,1129
4198,1130
4198,2996
4199,2997
4200,2998
4200,2999
4200,3000
4202,3001
4203,694
4203,2748
4204,618
4204,2736
4205,378
4205,2395
4206,62
4206,3002
4206,3003
4207,3004
4207,3005
4207,3006
4208,26
4209,141
4210,3007
4210,3008
4210,3009
4211,2600
4212,225
4212,816
4213,3010
4213,3011
4214,3012
4215,3013
4217,3014
4218,354
4219,288
4220,1115
4221,1115
4222,288
4222,3015
4223,3959
4224,3016
4225,3018
4226,3019
4227,3020
4228,2398
4228,2677
4230,3022
4231,108
4232,3023
4233,712
4234,791
4234,3024
4234,3025
4235,3026
4237,3027
4238,42
4239,2901
4239,3028
4239,3029
4240,2901
4240,3028
4240,3029
4241,2901
4241,3028
4241,3029
4242,632
4243,211
4244,3030
4245,3031
4246,3032
4247,3033
4250,2549
4251,3035
4252,3036
4253,3037
4254,3035
4254,3038
4255,378
4256,3039
4257,3039
4259,3039
4260,378
4261,2549
4262,3933
4262,3934
4263,552
4264,791
4264,3040
4264,3041
4265,790
4266,196
4266,791
4267,2523
4268,3042
4269,3043
4269,3044
4271,3045
4272,775
4272,3046
4272,3047
4273,3047
4273,3048
4274,3047
4274,3049
4275,3050
4276,3050
4276,3051
4277,3050
4277,3051
4281,3053
4281,3054
4283,552
4284,479
4284,2514
4284,3056
4285,1134
4285,3057
4285,3058
4286,3059
4286,3060
4286,3061
4287,623
4287,3062
4287,3063
4288,3064
4290,2472
4290,3065
4290,3066
4291,3067
4291,3068
4292,3069
4293,838
4293,3070
4293,3071
4294,4189
4295,3072
4295,3073
4296,108
4296,907
4296,3074
4297,108
4297,907
4297,3075
4298,3076
4298,3077
4298,3078
4299,3079
4299,3080
4303,739
4304,3081
4305,1343
4307,455
4308,455
4308,490
4309,3936
4310,3082
4312,3083
4313,3025
4313,3085
4314,4120
4315,3086
4316,3087
4318,1387
4318,2923
4319,3088
4320,3089
4321,3089
4322,3089
4323,3089
4324,899
4325,899
4326,899
4327,899
4328,899
4330,899
4331,899
4332,57
4332,899
4333,30
4334,899
4335,899
4336,128
4337,128
4338,128
4339,128
4340,128
4341,128
4342,128
4343,128
4344,3090
4345,3090
4346,3090
4347,1119
4347,1154
4348,3091
4351,210
4352,1344
4353,1064
4354,3092
4356,1012
4357,2496
4358,2496
4359,2496
4360,2496
4361,2496
4362,2496
4363,2496
4364,924
4365,254
4365,799
4366,3093
4367,1039
4368,254
4368,763
4370,3094
4371,3095
4372,616
4372,617
4372,618
4374,3097
4375,3098
4376,3100
4377,782
4377,3101
4378,338
4378,3102
4379,671
4379,672
4380,782
4380,3104
4381,254
4382,3105
4383,616
4383,617
4383,618
4384,616
4384,617
4384,618
4385,616
4385,617
4385,618
4386,616
4386,617
4386,618
4387,616
4387,617
4387,618
4388,616
4388,617
4388,618
4389,616
4389,617
4389,618
4390,616
4390,617
4390,618
4391,616
4391,617
4391,618
4392,616
4392,617
4392,618
4393,616
4393,617
4393,618
4394,616
4394,617
4394,618
4395,616
4395,617
4395,618
4396,616
4396,617
4396,618
4397,616
4397,617
4397,618
4398,616
4398,617
4398,618
4399,616
4399,617
4399,618
4400,616
4400,617
4400,618
4401,616
4401,617
4401,618
4402,616
4402,617
4402,618
4403,616
4403,617
4403,618
4404,616
4404,617
4404,618
4405,616
4405,617
4405,618
4406,616
4406,617
4406,618
4407,3107
4408,3108
4409,3109
4410,3107
4410,3110
4411,782
4411,1129
4411,3111
4412,3113
4413,30
4413,3114
4414,30
4414,3114
4415,30
4415,3114
4417,30
4417,3114
4418,30
4418,3114
4419,30
4419,3114
4421,30
4421,3114
4422,30
4422,3114
4423,30
4423,3114
4424,30
4424,3114
4425,479
4425,1134
4425,3115
4426,2648
4428,3116
4429,230
4429,2567
4429,3117
4430,651
4430,3119
4432,136
4432,3120
4433,539
4433,665
4433,667
4434,3090
4435,3090
4436,3090
4437,3090
4438,3090
4439,3090
4440,3090
4442,3042
4443,3042
4445,3042
4446,3042
4447,3042
4448,3042
4449,2523
4450,2523
4451,2523
4452,30
4453,2523
4454,3042
4455,30
4457,2523
4458,30
4459,30
4460,2523
4461,2523
4462,2523
4463,2523
4464,2523
4465,2523
4466,2523
4467,2523
4469,2523
4470,2523
4472,2523
4473,2523
4474,1154
4474,3068
4474,3121
4475,128
4476,128
4477,128
4478,128
4480,155
4480,985
4482,3123
4484,3125
4485,3126
4485,3127
4486,2523
4487,2523
4488,30
4489,3128
4490,279
4491,279
4492,108
4493,3131
4494,220
4495,3135
4496,3136
4497,3137
4498,3138
4499,158
4499,3139
4499,3140
4500,3144
4501,416
4502,790
4503,90
4504,90
4505,90
4506,490
4507,3145
4508,3146
4509,3147
4510,3149
4511,3150
4512,158
4512,740
4513,26
4514,3153
4515,3154
4517,3155
4520,3156
4521,30
4522,108
4526,2505
4527,3159
4529,108
4529,3160
4530,3163
4531,520
4532,3165
4533,141
4534,54
4535,54
4536,3166
4537,54
4537,3083
4538,54
4539,54
4540,54
4541,860
4541,2527
4542,2528
4542,3168
4543,2527
4544,54
4545,1045
4545,3167
4546,3083
4546,3169
4547,54
4548,54
4549,54
4550,54
4551,54
4552,54
4553,54
4554,54
4555,3170
4557,54
4558,3172
4559,988
4559,1119
4560,988
4560,1119
4563,108
4564,141
4565,3924
4566,784
4566,2710
4566,2711
4567,26
4569,3089
4570,3174
4571,3175
4572,3176
4573,1051
4573,3176
4574,1051
4574,3176
4574,3177
4575,569
4575,1051
4575,1061
4576,1034
4576,1039
4576,3140
4577,63
4578,3178
4579,3179
4580,3180
4581,791
4581,3180
4582,1034
4582,1039
4583,3164
4583,3165
4584,3164
4584,3165
4585,3183
4586,1034
4586,1039
4587,108
4587,1078
4588,3185
4589,3186
4590,3187
4591,3188
4592,3189
4593,3190
4594,3191
4595,3947
4596,2955
4597,3192
4598,3193
4599,3946
4600,3194
4601,3212
4602,3195
4605,3196
4607,33
4608,3197
4610,3198
4611,3199
4612,108
4614,3200
4616,3201
4617,2748
4618,3202
4620,3203
4621,3206
4622,3207
4623,197
4624,3208
4625,3212
4627,3213
4628,3214
4629,3215
4630,3216
4633,3217
4634,350
4635,3218
4636,350
4637,776
4641,3220
4642,30
4645,3222
4647,3223
4649,3224
4650,3225
4652,3226
4653,3228
4654,3229
4655,3230
4657,271
4659,3231
4660,3232
4661,3234
4662,3235
4663,3236
4664,612
4667,3237
4668,3238
4669,3580
4670,3239
4671,3240
4673,3241
4675,3242
4676,3969
4677,3244
4678,3245
4680,944
4680,3247
4681,899
4683,3233
4683,3234
4684,3233
4684,3234
4685,3233
4685,3234
4686,3233
4686,3234
4688,3248
4690,3250
4691,3251
4692,3252
4694,3255
4695,3256
4697,384
4698,3148
4699,1119
4700,3258
4701,3260
4703,680
4703,1149
4704,3262
4706,197
4709,431
4710,3263
4712,3264
4716,3265
4717,1378
4718,3266
4722,3267
4723,3190
4726,3268
4727,3269
4728,2687
4728,3270
4730,3271
4731,3272
4733,3273
4735,168
4736,3275
4737,3277
4739,3278
4740,3281
4742,3282
4743,552
4744,354
4745,3283
4746,3284
4747,3285
4748,3288
4749,1129
4749,2996
4749,2997
4750,3289
4751,3290
4752,3291
4753,141
4754,3231
4755,354
4757,3292
4758,343
4759,3293
4760,30
4761,3294
4762,3295
4763,891
4764,3296
4765,343
4766,3297
4767,344
4768,3298
4769,346
4771,3299
4772,3300
4773,3302
4774,343
4775,3303
4776,3137
4777,3304
4778,293
4779,293
4780,431
4782,3305
4783,3306
4785,2505
4787,3308
4788,3194
4789,697
4791,882
4792,44
4793,3309
4794,3310
4796,3311
4800,3312
4801,3186
4802,478
4803,3313
4804,3314
4805,3315
4806,722
4807,3316
4809,3317
4812,743
4812,3318
4813,839
4813,1337
4813,2528
4814,3319
4816,3320
4818,3321
4819,3322
4820,3323
4821,3324
4822,3327
4825,492
4825,791
4826,3329
4827,3330
4830,3333
4832,3334
4833,3335
4834,3336
4835,3336
4836,3338
4837,30
4838,3339
4840,3330
4841,3340
4842,47
4842,210
4842,2805
4843,30
4844,431
4845,431
4846,293
4847,293
4848,431
4849,293
4850,293
4851,293
4852,293
4853,3289
4854,694
4855,3341
4856,624
4856,3343
4857,293
4858,431
4859,293
4860,293
4861,293
4862,293
4863,293
4864,293
4865,293
4866,338
4866,2681
4867,378
4868,503
4869,293
4870,3344
4871,3347
4872,3348
4873,3349
4876,3350
4876,3351
4876,3352
4878,3310
4880,3190
4881,3353
4882,3354
4883,3356
4885,3359
4886,732
4891,3360
4892,3361
4893,3362
4894,3363
4896,3365
4897,272
4898,3366
4900,3368
4900,3369
4901,2603
4902,3370
4903,3371
4904,3372
4906,3374
4907,3375
4908,3376
4909,3377
4910,3378
4911,3379
4912,3380
4913,3381
4914,3208
4915,3383
4916,3384
4918,2523
4920,732
4923,26
4924,3385
4926,3386
4927,3387
4933,3355
4934,3388
4935,3368
4935,3369
4936,3389
4937,3391
4938,3392
4939,3393
4941,3394
4942,3068
4942,3395
4943,3396
4944,128
4945,3227
4945,3228
4946,3397
4947,3398
4948,3400
4949,3402
4950,3403
4952,3404
4953,3405
4955,3406
4956,4219
4957,732
4961,3324
4961,3408
4963,3409
4964,3410
4966,3411
4967,1117
4968,3413
4969,3414
4972,3350
4972,3351
4972,3352
4973,44
4975,723
4976,3415
4976,3416
4976,3417
4978,3418
4979,3419
4980,3420
4981,3421
4983,3423
4987,3424
4988,3425
4989,857
4989,3427
4990,3428
4991,2505
4992,3429
4993,3430
4994,3431
4995,3432
4996,3433
4997,3434
4999,2748
5000,3435
5001,3436
5002,479
5004,3437
5005,3438
5006,3990
5007,3439
5008,3440
5009,3441
5010,3444
5011,2546
5012,3445
5013,788
5013,3446
5014,3447
5015,3448
5016,3194
5018,3989
5019,3450
5020,3452
5021,3453
5022,3454
5025,3455
5026,3456
5028,3457
5031,3458
5032,520
5033,3459
5034,3460
5035,1147
5036,3462
5037,3465
5038,3467
5039,3468
5040,694
5040,1391
5041,552
5043,552
5044,552
5045,552
5046,552
5048,391
5048,393
5048,749
5049,128
5050,733
5051,1285
5052,694
5053,3470
5054,3471
5055,3472
5059,789
5060,3474
5061,552
5064,2542
5065,3476
5066,3477
5069,3471
5071,301
5071,3481
5072,3263
5073,378
5077,3483
5078,3484
5080,3485
5081,3485
5082,3487
5083,2786
5084,3488
5085,4044
5086,3491
5090,3494
5091,3496
5092,3497
5093,3499
5094,3263
5096,290
5097,338
5097,2681
5098,3500
5099,3502
5100,3503
5101,67
5101,3504
5102,3505
5103,2867
5103,3506
5104,3508
5105,2883
5106,3510
5107,30
5108,30
5109,197
5110,2851
5111,3512
5112,3513
5113,3514
5114,3516
5115,30
5116,135
5116,623
5118,3518
5119,552
5120,697
5120,698
5120,699
5121,3519
5122,3520
5124,3523
5126,141
5127,3524
5128,4217
5129,3525
5130,3526
5131,3529
5132,2465
5132,3530
5133,3531
5134,3513
5135,3534
5136,3535
5137,3537
5138,3540
5139,3541
5140,1154
5140,3543
5142,3544
5143,3545
5144,3546
5145,3322
5146,3547
5147,63
5148,860
5148,2700
5149,3269
5150,3549
5151,618
5151,3550
5153,393
5154,3551
5155,720
5156,3552
5157,3555
5158,3556
5159,1225
5160,3559
5161,2770
5161,3561
5162,26
5165,2549
5166,3562
5168,3563
5170,2549
5171,3566
5173,3567
5174,3568
5176,3151
5176,3152
5177,108
5181,1012
5181,1192
5182,3570
5183,3571
5183,3572
5184,338
5184,763
5185,2866
5185,3166
5186,2546
5187,503
5187,2687
5187,3270
5188,3574
5189,2578
5190,2407
5190,3575
5191,3576
5192,2721
5193,3577
5194,141
5195,763
5195,3578
5196,3579
5197,407
5198,197
5199,3582
5200,3584
5201,503
5201,3586
5202,3587
5203,3588
5204,3589
5205,3270
5205,3583
5206,2640
5206,2641
5207,194
5207,394
5207,440
5208,3590
5209,791
5209,1164
5209,1165
5210,3592
5211,338
5212,3593
5213,1167
5213,3594
5214,3596
5215,2496
5216,3598
5217,3601
5218,63
5219,30
5220,30
5221,3602
5222,3055
5223,30
5224,30
5225,3604
5226,3606
5227,3607
5228,3608
5229,552
5230,127
5230,863
5230,3609
5231,197
5232,30
5233,63
5234,1198
5235,1110
5236,3611
5237,3612
5238,2680
5239,3613
5240,3090
5241,2495
5241,3614
5242,3615
5243,3617
5244,3618
5245,3619
5246,3620
5247,623
5247,3622
5248,455
5249,3623
5250,211
5252,3624
5253,3626
5254,3627
5255,354
5256,3628
5257,3629
5258,1034
5258,1039
5259,3630
5260,141
5260,3631
5261,30
5262,3044
5263,1378
5264,3632
5264,3633
5264,3634
5265,3632
5265,3633
5265,3634
5266,3632
5266,3633
5266,3634
5267,3635
5269,725
5270,2395
5270,2400
5270,2677
5271,2961
5271,3636
5273,3637
5274,3638
5275,3623
5276,3639
5278,3641
5280,3642
5282,3643
5284,3644
5285,3646
5286,919
5287,317
5288,3647
5289,3648
5289,3649
5290,3083
5291,2664
5292,3083
5293,1015
5293,1016
5293,1017
5294,32
5294,3625
5295,3650
5296,3651
5297,30
5298,1074
5298,2869
5299,3654
5300,3179
5301,3655
5302,653
5302,3247
5302,3656
5303,503
5303,2398
5303,2407
5304,1071
5306,2546
5307,2445
5308,2748
5309,2835
5310,3660
5311,919
5313,3661
5314,44
5315,3662
5316,3263
5317,3263
5318,3263
5319,3263
5320,3263
5321,3263
5322,3263
5323,3263
5324,3263
5325,3263
5326,3263
5327,3263
5328,3263
5329,3263
5330,3263
5331,3263
5332,3263
5333,3263
5334,3263
5335,3263
5336,3263
5337,3263
5338,3263
5339,3263
5340,3263
5341,3263
5342,3263
5344,3263
5345,3663
5346,3665
5347,3665
5348,3666
5349,3667
5351,3669
5352,1039
5352,3670
5353,3671
5354,503
5354,3673
5355,294
5356,743
5356,1068
5356,1286
5356,1377
5356,2488
5357,391
5357,662
5357,663
5358,3667
5359,455
5360,1162
5360,2503
5362,3674
5363,3675
5364,3677
5366,3679
5367,453
5369,3680
5370,3681
5371,3682
5372,108
5373,3684
5374,3685
5376,520
5378,40
5378,3657
5379,3657
5380,3686
5381,882
5381,3577
5383,3688
5388,3689
5389,3692
5392,348
5393,293
5395,3693
5396,3694
5398,3695
5399,3696
5400,2835
5401,3698
5402,3194
5404,3190
5405,3310
5406,3700
5407,3062
5407,3702
5408,2496
5409,3703
5411,790
5411,791
5412,3705
5413,3706
5414,3706
5415,3706
5416,3708
5417,464
5417,791
5418,3710
5419,3713
5420,4192
5421,3716
5422,3717
5423,240
5423,3718
5424,503
5424,3072
5424,3270
5425,503
5425,3270
5425,3563
5426,3719
5427,3721
5428,198
5429,3671
5430,3722
5431,3723
5432,3725
5433,3727
5434,951
5434,3728
5435,3729
5437,3732
5438,3733
5438,3734
5438,3735
5439,401
5440,378
5440,2395
5440,3736
5441,455
5442,455
5443,3737
5444,197
5445,108
5446,3738
5448,3739
5450,4186
5452,3740
5453,3741
5454,3743
5455,732
5456,3744
5458,503
5458,3745
5459,3746
5461,3749
5462,1378
5465,3750
5466,3751
5467,168
5468,3752
5469,4267
5471,3753
5473,30
5474,3194
5477,1118
5478,3754
5479,3755
5483,3756
5485,3757
5485,3758
5485,3759
5486,3760
5487,3761
5488,4043
5489,3763
5490,3764
5491,3765
5493,3760
5494,3766
5495,3970
5499,3767
5500,3768
5502,3769
5505,612
5506,612
5507,612
5508,612
5510,197
5511,3770
5512,3771
5515,3773
5516,220
5516,278
5520,3775
5521,3777
5522,3779
5523,3781
5524,694
5524,2748
5526,1190
5527,3782
5528,732
5529,3783
5530,3786
5531,3787
5532,3788
5534,3322
5534,3789
5535,3790
5538,3791
5540,1378
5540,3479
5540,3480
5541,3793
5542,3794
5543,732
5544,33
5544,3686
5546,3795
5547,3796
5551,2742
5551,3798
5552,3799
5553,3492
5554,1015
5554,3801
5555,3802
5556,3803
5557,3805
5558,3806
5559,317
5560,3807
5561,3808
5562,751
5563,3809
5565,1022
5566,279
5567,3810
5568,197
5569,3811
5570,351
5571,3812
5573,3814
5574,122
5577,3815
5578,122
5579,1027
5579,3804
5579,3805
5580,122
5581,3816
5582,3817
5583,3819
5584,254
5585,3820
5586,3821
5587,882
5587,3577
5588,3824
5589,2747
5589,3826
5590,128
5590,799
5591,3827
5592,3830
5593,3831
5595,3833
5596,3834
5597,4235
5599,3835
5600,3251
5601,3836
5601,3837
5602,2535
5603,3838
5605,3335
5606,3839
5607,128
5608,640
5608,641
5609,3840
5610,3841
5611,431
5612,3842
5613,2896
5614,3478
5614,3843
5616,3844
5617,694
5618,3301
5618,3302
5619,3845
5620,3846
5621,3847
5623,3166
5624,3513
5625,3848
5626,2409
5629,3849
5631,3247
5632,3850
5634,3851
5635,121
5636,3852
5637,1285
5638,3853
5639,3854
5640,803
5641,272
5642,3855
5643,3856
5644,3857
5645,655
5646,751
5647,3676
5648,3858
5651,3834
5652,3859
5653,3860
5654,3863
5656,30
5657,3864
5660,3865
5661,3866
5662,30
5663,3867
5664,3869
5665,3871
5666,3872
5667,287
5668,3501
5671,2862
5671,3873
5672,244
5673,3874
5674,3875
5676,3876
5677,3877
5678,2748
5681,2505
5682,3151
5682,3152
5683,2748
5687,3878
5691,3834
5692,3834
5693,3880
5695,351
5696,348
5697,3881
5698,3882
5699,3884
5701,3671
5702,3885
5703,3886
5704,3886
5705,3887
5706,3888
5707,3888
5708,3888
5709,3888
5711,345
5712,4224
5713,3289
5714,3889
5715,3194
5716,3890
5717,272
5718,3891
5720,3892
5721,338
5721,3893
5722,193
5723,3894
5724,3960
5725,3895
5726,3896
5727,3897
5729,3898
5731,3899
5732,3901
5736,3780
5737,3194
5738,3902
5740,3903
5741,521
5742,2540
5742,3904
5743,3905
5744,3906
5745,3907
5748,3909
5749,349
5750,3910
5751,252
5751,385
5752,271
5755,3911
5756,3912
5757,3913
5758,254
5758,799
5759,38
5759,200
5760,100
5761,725
5762,3914
5763,30
5764,3915
5766,2739
5767,3916
5768,3917
5769,3918
5770,3919
5771,3920
5772,630
5773,3539
5773,3921
5774,3922
5775,3912
5776,3925
5777,3925
5778,3925
5779,3925
5780,3926
5781,3928
5782,3925
5783,3925
5784,3925
5785,3925
5786,3925
5787,3925
5788,3925
5789,3925
5790,3925
5791,3925
5792,3925
5793,3925
5794,3925
5795,3925
5796,3925
5798,791
5798,3941
5799,3944
5800,2554
5801,2554
5802,3951
5803,3195
5804,3953
5808,2554
5808,3961
5809,2554
5809,3961
5810,1074
5810,2868
5811,3963
5812,1342
5812,3964
5813,3965
5814,3966
5815,3967
5816,790
5816,791
5817,791
5817,854
5818,3972
5819,3975
5821,3888
5822,312
5823,3979
5824,3980
5825,3981
5826,3982
5827,3982
5828,3982
5829,791
5829,3983
5830,3985
5831,1060
5831,3986
5833,3991
5834,740
5834,1039
5835,3992
5836,3993
5837,3994
5838,455
5839,210
5839,3996
5840,3997
5841,358
5842,4000
5843,4001
5844,4003
5845,4006
5846,655
5847,655
5848,655
5849,655
5850,655
5851,655
5852,655
5853,655
5854,655
5855,655
5856,655
5857,655
5858,655
5859,655
5860,655
5861,655
5862,655
5863,655
5864,655
5865,54
5866,4009
5867,4012
5868,604
5868,4014
5869,4017
5870,4025
5872,4017
5874,3576
5875,4026
5876,4028
5877,4029
5879,4030
5882,4031
5885,4034
5886,4036
5887,2629
5888,4039
5889,4041
5890,3055
5891,252
5892,1328
5893,3452
5893,4046
5894,782
5894,1129
5894,3111
5895,4048
5896,2547
5896,4050
5897,801
5898,801
5899,4051
5900,4053
5901,4053
5901,4054
5902,4053
5902,4055
5903,94
5904,740
5904,4056
5905,4059
5906,838
5906,3071
5906,4060
5907,624
5907,1129
5907,4061
5908,30
5910,3640
5911,4064
5912,127
5912,1057
5912,4065
5913,4066
5914,4069
5915,4070
5916,4071
5917,4072
5918,4073
5919,4075
5920,4077
5921,4076
5921,4077
5922,4077
5922,4078
5923,4079
5924,4076
5924,4079
5925,2658
5925,4081
5926,4082
5927,94
5927,4083
5928,4086
5929,4089
5930,30
5931,4092
5932,4094
5933,1383
5933,4096
5934,1383
5934,4095
5934,4097
5935,4098
5936,4101
5937,4102
5937,4103
5938,4104
5939,694
5939,2748
5940,4106
5941,4107
5942,4110
5943,4112
5944,4115
5945,4116
5946,4119
5947,522
5948,63
5952,4125
5953,3647
5955,3647
5956,4126
5958,4127
5959,4128
5960,4129
5961,4130
5962,3647
5964,32
5965,4125
5966,3083
5967,4131
5968,4132
5969,4133
5970,4134
5972,4125
5973,2463
5973,4135
5974,919
5977,4125
5978,4129
5979,4136
5980,4137
5981,4139
5982,751
5983,751
5984,197
5985,1097
5985,4140
5986,4142
5987,4143
5988,4145
5990,4147
5991,4148
5992,3164
5992,3165
5993,4150
5994,107
5994,539
5995,30
5996,4151
5997,3647
5998,4152
5999,4125
6000,4153
6002,4134
6003,4155
6004,4156
6006,4158
6007,4159
6008,4160
6009,3647
6010,4161
6011,3647
6013,4125
6014,94
6015,742
6016,4162
6017,4163
6019,4165
6020,4168
6021,2664
6021,3982
6022,4169
6023,4170
6024,4172
6025,4173
6026,4014
6026,4174
6027,3647
6029,4175
6030,4132
6031,4176
6032,4177
6032,4178
6033,1365
6034,3848
6035,4181
6036,4182
6037,732
6038,4183
6039,4193
6040,33
6040,3686
6041,802
6042,802
6043,2704
6043,4195
6044,3379
6045,4196
6047,4198
6048,4200
6049,4201
6050,4204
6051,4205
6052,197
6053,30
6054,4206
6055,30
6056,3289
6057,3289
6058,880
6059,880
6060,3607
6060,4207
6061,4208
6063,4209
6064,4210
6067,3549
6068,4211
6069,782
6069,4213
6070,1039
6071,3255
6072,4218
6073,4220
6074,100
6075,4223
6076,3428
6077,4226
6078,3315
6078,4225
6079,4227
6080,4228
6081,4229
6082,1385
6082,1387
6083,4230
6084,4234
6085,3921
6085,4234
6086,212
6086,4236
6087,212
6087,4236
6088,4237
6089,4076
6089,4077
6089,4079
6090,4238
6091,100
6092,100
6093,4240
6094,100
6095,100
6096,4243
6097,934
6098,568
6098,4245
6099,4246
6100,782
6100,3096
6100,4247
6101,4249
6102,3301
6102,3302
6103,3302
6103,3909
6104,3301
6104,3302
6105,3301
6105,3302
6106,3301
6106,3302
6107,3301
6107,3302
6108,4250
6109,4253
6110,4254
6111,4255
6112,4256
6113,4257
6114,4258
6115,4261
6116,4262
6117,4265
6118,4269
6119,4271
6121,3268
6121,4272
6122,4273
6123,4274
6124,4275
6125,4278
6126,4280
6127,1045
6127,4281
6128,3322
6130,4284
6131,30
6132,30
6134,30
6135,30
6136,30
6137,4286
6138,4289
6140,4269
6141,1034
6141,1039
6142,1034
6142,1039
6143,1034
6144,4292
6145,4294
6146,4295
6148,4296
6150,732
6151,732
6152,252
6153,279
6154,4299
6156,107
6156,396
6157,4300
6159,431
6160,279
6162,40
6162,3657
6163,4301
6165,4302
6167,4304
6168,801
6169,4306
6170,4307
6172,4309
6173,4313
6174,4314
6176,4315
6177,4318
6178,197
6179,30
6180,4319
6181,4320
6182,4320
6183,4320
6184,4144
6184,4322
6185,2818
6185,4323
6186,108
6186,1078
6187,4329
6188,4053
6189,4331
6190,4334
6191,982
6191,1119
6192,3497
6192,4335
6193,4336
6194,791
6194,1164
6194,1165
6195,4338
6196,4340
6197,839
6197,2528
6198,791
6198,2867
6199,47
6199,240
6199,4341
6200,2528
6200,4342
6201,197
6202,649
6202,2671
6202,3051
6203,790
6203,791
6204,4343
6205,4344
6206,4346
6207,4348
6208,4349
6209,4350
6211,4349
6212,4351
6213,4352
6216,4353
6218,4354
6219,4355
6220,4356
6222,4357
6223,507
6224,1015
6224,1016
6224,1017
6225,30
6225,4358
6226,4359
6228,30
6229,799
6229,2495
6230,520
6231,3513
6232,211
6233,198
6234,1122
6240,4362
6241,659
6242,4363
6243,4125
6244,4364
6245,108
6246,4365
6247,3657
6248,496
6248,4366
6249,521
6250,4367
6251,4368
6254,108
6254,3165
6255,4369
6258,4370
6259,4371
6260,4374
6261,4375
6262,4377
6263,791
6263,3340
6264,4378
6265,3994
6266,4379
6267,4380
6269,4384
6270,3179
6270,4385
6272,3602
6273,4388
6274,4390
6275,790
6275,791
6276,480
6276,3051
6276,4391
6277,3623
6278,4393
6279,4394
6280,396
6280,3315
6280,4395
6281,396
6281,3315
6281,4395
6282,3315
6282,4396
6283,3051
6283,4398
6284,4400
6285,4402
6286,490
6286,4401
6286,4403
6287,3167
6287,4399
6287,4400
6287,4402
6288,4404
6289,4404
6289,4405
6290,4406
6291,4407
6292,4408
6293,4410
6295,4411
6296,4412
6297,30
6298,4414
6299,790
6299,791
6300,3946
6301,4415
6302,4417
6304,4418
6305,4419
6306,4421
6307,4422
6308,4424
6309,1039
6310,1034
6310,1039
6311,4425
6312,3095
6312,4426
6313,4427
6314,4428
6315,860
6315,4428
6315,4429
6316,860
6316,4428
6316,4430
6318,4431
6319,503
6319,2410
6319,4432
6320,4435
6321,4436
6323,4437
6325,1378
6326,4438
6327,2523
6328,4440
6329,2789
6330,4442
6332,30
6333,2523
6334,4444
6335,4444
6336,4446
6337,4444
6337,4447
6338,4444
6338,4447
6339,4444
6339,4447
6340,4444
6341,4444
6342,4449
6343,4443
6343,4444
6344,4452
6345,4446
6345,4454
6347,4457
6348,30
6349,4460
6350,1147
6350,4053
6351,4463
6352,791
6352,854
6353,791
6353,854
6354,4464
6355,4466
6356,4467
6357,4469
6358,108
6358,3165
6359,503
6359,2398
6359,2687
6360,4472
6361,4474
6362,3594
6362,4476
6363,3612
6367,4481
6368,4482
6369,3055
6370,30
6371,30
6372,30
6373,4483
6374,543
6374,4483
6375,4484
6376,503
6376,3270
6376,3563
6377,4486
6378,26
6379,3179
6380,791
6380,3180
6381,791
6381,3180
6382,3179
6382,4319
6383,3179
6384,4487
6385,4488
6386,4491
6387,4494
6389,320
6390,279
6391,455
6392,3137
6392,4495
6393,4496
6394,3298
6395,3163
6395,4497
6396,4498
6398,2495
6398,3614
6399,3179
6400,3275
6400,4499
6401,4501
6402,1039
6402,4503
6403,4504
6404,4444
6404,4505
6405,4507
6406,4509
6407,4510
6412,3594
6412,4517
6413,4519
6415,4520
6416,3576
6416,4521
6417,4523
6418,4524
6419,254
6420,1039
6421,3608
6422,4526
6423,4527
6424,4528
6425,723
6426,455
6427,455
6428,4531
6429,4532
6430,4533
6431,4536
6432,4537
6433,252
6434,4538
6435,4539
6436,4541
6437,4542
6438,4545
6439,67
6439,3774
6440,4547
6441,4548
6443,4549
6444,4552
6445,732
6445,2739
6445,4553
6446,4554
6447,4557
6448,4559
6449,4560
6450,4563
6451,4564
6452,4566
6453,4567
6454,4568
6455,4569
6456,4572
6457,4574
6458,3793
6458,4575
6460,751
6460,4576
6462,4577
6463,4578
6464,4580
6466,4579
6467,4581
6468,4582
6469,4583
6470,4584
6471,30
6472,4585
6473,4586
6474,1012
6474,2544
6475,4587
6476,108
6477,4588
6478,455
6478,4589
6479,945
6479,2476
6480,30
6482,4590
6484,2495
6485,747
6486,4591
6488,4593
6489,288
6490,521
6491,320
6492,4594
6493,424
6493,4595
6494,4596
6496,521
6497,2523
6498,4598
6500,4599
6501,4600
6502,4603
6503,4604
6504,252
6505,4606
6506,1377
6506,4608
6507,4611
6508,372
6510,4613
6513,4614
6514,3042
6515,4615
6517,4616
6518,4617
6520,4619
6521,4620
6522,2495
6523,4621
6524,4622
6525,4587
6526,4623
6528,4625
6530,4626
6531,4627
6532,4628
6534,4629
6535,4631
6536,862
6538,30
6539,2663
6539,4632
6540,3411
6541,4633
6542,4634
6543,4636
6544,4637
6546,3055
6547,4639
6548,4640
6549,4641
6550,2748
6550,4644
6555,4645
6556,4646
6557,4647
6558,342
6559,4648
6560,4649
6562,4623
6563,694
6563,4650
6568,694
6569,4651
6570,4652
6571,694
6571,695
6573,4653
6574,72
6575,694
6576,4654
6577,4655
6578,30
6579,30
6580,30
6581,30
6583,4656
6584,948
6585,320
6586,882
6587,882
6588,3179
6589,254
6591,694
6592,694
6593,694
6594,694
6595,694
6596,694
6597,694
6598,695
6599,694
6600,4658
6601,4660
6602,4661
6605,294
6606,4662
6607,254
6608,3179
6609,1110
6610,3608
6611,4663
6612,4665
6613,2523
6614,4666
6615,1110
6616,56
6616,4667
6617,4668
6618,4671
6620,36
6621,43
6622,43
6623,43
6624,43
6625,43
6626,43
6627,43
6628,4673
6629,3506
6629,4672
6629,4673
6630,3506
6630,4672
6630,4673
6631,4674
6632,4676
6633,4677
6634,3179
