CompanyId,FilmId
2420,35
4104,35
24,36
30,37
26,38
33,39
34,40
56,47
26,49
515,50
49,53
50,53
51,53
52,53
53,53
43,54
546,55
4328,55
37,56
38,56
30,57
30,58
47,59
30,60
32,61
30,62
57,63
30,64
41,65
4326,66
55,67
30,68
36,69
48,70
26,71
30,72
42,73
42,74
26,75
26,76
26,77
26,78
26,79
26,80
26,81
26,82
42,83
30,84
30,85
43,86
54,87
54,88
43,89
30,90
45,91
46,91
30,92
31,93
39,94
40,94
39,95
40,95
40,96
389,96
39,97
40,97
39,98
40,98
39,99
40,99
39,100
40,100
39,101
40,101
39,102
40,102
81,103
81,104
81,105
81,106
81,107
26,108
26,109
26,110
26,111
58,112
59,113
60,115
61,116
62,117
62,119
64,120
65,120
66,121
67,123
68,123
361,124
67,126
68,126
67,127
68,127
67,128
68,128
67,129
68,129
67,130
68,130
67,131
68,131
67,132
68,132
67,133
68,133
72,134
72,135
72,136
72,137
72,138
72,139
72,140
4266,141
72,142
72,143
80,144
63,145
82,147
83,149
85,150
88,151
89,152
82,153
785,157
801,157
785,158
801,158
801,159
82,160
26,162
54,163
54,164
4283,165
92,167
93,168
26,169
94,169
95,170
97,171
98,172
99,173
100,174
100,175
343,176
62,178
195,178
446,178
101,179
102,180
97,181
103,181
104,182
106,183
107,184
108,185
98,186
109,188
110,189
111,190
112,191
113,192
114,193
2436,193
2437,193
115,194
116,195
117,196
118,198
119,199
120,202
100,204
121,204
122,205
100,206
100,207
100,208
100,209
100,210
100,211
100,212
123,213
124,214
125,215
108,216
126,217
94,218
127,219
518,221
130,222
131,223
108,224
2600,224
132,225
2600,225
133,226
134,227
135,229
136,230
2454,231
137,232
138,233
139,234
140,235
141,236
143,237
303,237
143,240
303,240
142,241
143,242
144,243
145,244
146,245
147,246
42,247
148,248
149,249
107,250
152,252
153,253
127,254
155,256
42,257
26,258
94,258
156,259
157,260
142,261
117,262
158,263
159,264
26,265
94,265
160,266
161,267
2435,267
162,268
163,268
164,269
165,270
135,271
491,272
516,272
167,273
168,274
169,275
136,276
136,277
136,278
170,279
171,280
173,281
174,282
175,283
176,284
177,285
132,286
2600,286
178,287
179,288
132,289
180,290
155,291
181,292
182,293
183,294
184,295
185,296
67,297
186,298
187,299
26,300
186,302
188,303
190,304
192,305
186,306
193,307
194,309
62,310
195,310
26,312
196,312
197,313
198,314
199,315
200,316
201,318
46,319
203,319
570,319
108,320
204,321
205,322
206,323
207,324
26,325
207,326
210,327
756,328
209,329
197,330
197,332
211,333
212,334
214,335
215,335
213,336
214,337
214,338
215,338
216,339
82,340
217,341
218,342
219,343
220,345
222,346
223,348
224,348
225,348
188,349
227,350
228,351
230,352
231,356
232,356
233,356
235,357
237,358
1367,358
1368,358
188,360
1028,361
4184,361
239,363
241,364
242,365
243,366
244,367
244,368
4022,369
123,370
123,371
245,373
246,377
4019,378
212,380
249,381
250,383
251,384
4013,385
252,386
253,387
254,388
252,389
39,391
255,392
257,395
259,396
260,397
261,398
42,399
262,400
263,401
212,403
264,404
39,405
265,406
269,408
270,408
266,409
267,409
268,409
271,410
272,411
245,413
273,414
67,415
274,416
211,417
275,418
277,419
278,420
4122,422
279,423
280,426
200,427
282,428
209,429
142,430
197,431
285,432
287,433
286,434
197,435
288,436
288,437
289,438
290,439
108,440
291,440
424,442
800,442
424,443
800,443
424,444
800,444
292,445
199,447
293,448
199,449
294,450
295,451
297,452
143,453
303,453
298,454
299,455
301,456
44,457
302,457
305,458
306,459
26,460
155,461
307,462
26,463
108,464
310,465
312,466
313,467
314,467
315,467
316,469
317,470
318,471
319,472
320,473
321,475
67,476
322,477
123,478
66,479
323,480
324,481
325,482
108,483
328,484
329,485
330,486
332,488
334,489
338,491
337,492
340,493
90,494
161,495
341,497
3931,498
197,500
287,501
343,502
344,503
245,504
345,505
346,506
347,508
272,509
245,510
348,511
349,512
350,513
351,514
344,515
288,516
345,517
217,518
352,519
245,520
201,521
353,522
354,523
354,524
355,525
67,528
357,529
156,530
26,531
196,532
211,532
360,533
3182,534
3949,535
261,536
801,537
317,538
197,539
197,540
362,541
272,542
363,543
365,544
2455,545
47,546
366,546
367,547
368,548
369,549
370,550
371,551
373,552
201,553
375,555
374,556
372,557
290,558
376,559
378,561
380,562
379,564
382,565
261,566
383,567
381,569
123,570
384,570
2681,571
197,573
385,574
386,576
291,577
387,578
320,580
108,581
244,581
123,582
389,583
388,584
390,585
372,586
26,587
2978,588
209,589
123,590
393,591
394,593
396,594
398,595
345,597
44,600
82,601
197,602
82,603
801,604
399,605
67,607
352,607
400,608
26,609
60,610
198,611
2453,612
401,613
402,614
403,615
404,615
405,616
198,617
291,617
108,618
320,619
294,620
254,622
406,623
63,624
372,625
407,625
199,626
408,627
209,628
409,629
410,629
199,630
199,631
411,632
67,633
412,634
123,635
108,636
63,637
155,638
199,639
254,639
254,640
254,641
199,642
199,643
254,644
202,645
202,646
203,647
203,648
202,649
202,650
203,651
203,652
413,653
202,654
414,655
415,656
416,657
417,658
498,659
2433,659
63,660
418,661
421,662
108,663
67,664
372,665
123,666
422,667
67,668
423,668
199,669
425,669
3179,669
424,670
800,670
424,671
800,671
40,672
188,672
188,674
100,675
108,676
427,677
422,678
428,679
608,680
430,681
228,682
209,683
294,683
3937,684
432,685
433,686
2538,687
435,688
436,689
30,690
143,691
303,691
438,692
298,693
439,694
394,695
440,695
442,697
363,698
142,699
444,700
174,701
448,703
54,704
451,705
454,706
143,707
303,707
455,708
296,709
457,710
67,711
458,712
459,713
461,715
462,716
463,717
194,718
394,718
440,718
2481,720
2482,720
466,721
469,722
459,724
470,725
473,726
475,728
2870,731
2871,731
478,732
481,733
482,734
483,735
484,736
478,737
127,738
485,738
486,739
440,740
103,741
487,742
30,743
488,744
489,745
490,746
491,747
492,749
493,751
496,752
197,753
290,754
320,755
320,757
424,758
800,758
424,759
800,759
424,761
800,761
497,762
142,763
498,764
499,766
501,767
503,769
504,770
401,771
343,772
389,773
505,774
343,775
84,776
506,776
2697,776
38,777
507,778
508,779
509,780
510,781
67,782
252,783
67,784
108,785
211,786
389,787
244,788
511,789
2893,789
3091,789
517,790
197,791
279,792
519,793
40,794
520,795
198,796
521,797
522,798
523,799
525,800
424,801
526,801
800,801
424,802
108,803
497,804
211,805
530,805
531,806
532,806
533,806
536,807
538,808
540,809
542,810
543,811
543,812
543,813
544,814
545,815
546,815
547,816
548,817
551,818
552,819
553,820
557,821
558,822
54,823
560,823
67,824
490,824
561,824
564,825
566,826
44,827
567,827
569,828
571,829
572,830
479,831
252,832
573,833
211,834
67,835
574,836
575,837
123,838
576,839
84,840
67,841
577,842
578,843
389,844
389,845
579,846
108,847
580,848
554,849
579,849
389,850
568,851
108,852
26,853
581,854
141,855
582,856
459,857
30,858
583,859
584,861
585,862
67,863
123,864
586,865
587,866
123,867
588,868
589,869
42,870
479,871
459,872
590,873
42,874
591,875
592,876
26,877
479,878
593,879
67,880
594,881
595,882
596,883
597,884
598,885
372,886
3814,887
3948,887
67,888
600,889
67,890
252,891
459,892
244,893
601,894
537,896
538,896
62,897
446,897
602,897
605,898
317,899
201,900
606,901
320,902
3129,903
320,904
372,905
407,906
252,907
390,908
424,909
188,910
607,911
608,912
497,913
609,914
293,916
610,917
90,920
298,921
612,922
615,923
537,924
538,924
478,925
618,926
2483,927
621,928
624,929
627,931
344,933
345,934
380,935
201,936
606,937
290,938
630,939
290,940
198,942
520,943
631,944
390,945
633,946
634,947
188,949
54,950
549,951
550,951
637,952
44,954
567,954
639,955
641,956
62,957
498,957
570,957
26,958
527,959
212,960
459,961
459,962
459,963
211,964
581,965
211,966
390,967
642,968
82,970
459,971
643,972
379,973
26,974
644,975
193,976
647,977
649,978
26,980
26,981
650,982
651,983
108,984
228,985
228,988
656,989
658,990
661,991
431,992
663,993
160,994
664,994
667,995
668,996
669,997
228,998
143,999
303,999
670,999
261,1000
673,1001
503,1002
674,1002
665,1003
666,1003
667,1003
675,1004
676,1005
677,1006
671,1007
672,1007
56,1008
678,1008
679,1009
211,1010
389,1010
680,1010
287,1011
345,1012
272,1013
344,1014
217,1015
26,1016
380,1017
630,1017
379,1018
26,1019
338,1020
252,1021
26,1022
682,1023
107,1024
683,1025
684,1026
553,1027
4191,1028
155,1031
211,1033
94,1034
125,1035
686,1036
67,1037
868,1037
2443,1037
125,1038
4232,1039
198,1040
459,1041
520,1042
320,1043
320,1044
108,1045
320,1046
108,1047
4231,1048
424,1049
188,1050
108,1051
688,1052
689,1053
691,1054
692,1055
188,1056
693,1057
436,1058
438,1059
143,1060
303,1060
696,1061
478,1062
697,1063
698,1063
699,1063
252,1064
211,1065
700,1066
459,1067
173,1068
252,1069
123,1070
108,1071
701,1072
1382,1072
356,1073
488,1074
488,1075
488,1076
488,1077
108,1078
702,1079
705,1080
708,1081
710,1082
711,1083
713,1084
388,1085
254,1086
54,1087
714,1088
199,1089
583,1089
717,1090
143,1091
303,1091
478,1093
56,1094
478,1094
492,1095
36,1096
720,1096
143,1097
303,1097
671,1098
672,1098
673,1098
721,1099
724,1100
725,1101
728,1102
143,1103
303,1103
685,1104
729,1104
730,1105
671,1106
672,1106
731,1107
63,1108
732,1109
733,1110
734,1111
735,1112
158,1115
739,1117
741,1118
742,1119
744,1120
298,1122
36,1123
745,1124
745,1125
294,1126
294,1127
746,1128
294,1129
294,1130
431,1130
294,1131
338,1132
662,1132
43,1133
294,1134
391,1135
393,1135
503,1135
391,1136
747,1136
391,1137
393,1137
393,1138
393,1139
748,1139
725,1140
749,1141
294,1142
391,1143
503,1144
750,1144
338,1145
751,1145
2451,1146
752,1147
752,1148
755,1149
143,1150
303,1150
143,1151
303,1151
143,1152
303,1152
143,1153
303,1153
143,1154
303,1154
143,1155
303,1155
143,1156
303,1156
143,1157
303,1157
143,1158
303,1158
143,1159
303,1159
143,1160
303,1160
143,1161
303,1161
431,1162
757,1163
431,1164
431,1165
431,1166
431,1167
293,1168
431,1168
431,1169
293,1170
431,1170
431,1171
758,1171
431,1172
431,1173
431,1174
756,1175
644,1176
431,1177
431,1178
760,1179
761,1180
431,1181
62,1182
431,1183
431,1184
764,1185
765,1186
431,1187
766,1188
767,1189
372,1190
372,1191
407,1192
372,1193
407,1194
768,1195
769,1196
770,1197
90,1198
461,1198
771,1198
228,1199
44,1200
302,1200
772,1202
773,1202
774,1202
775,1203
197,1204
776,1205
4310,1206
390,1207
697,1209
698,1209
699,1209
778,1210
779,1211
782,1212
431,1215
725,1215
783,1216
713,1217
784,1217
785,1218
801,1218
82,1219
785,1219
785,1220
801,1220
82,1221
785,1221
785,1222
801,1222
197,1223
343,1224
82,1226
82,1227
801,1227
787,1228
789,1229
791,1230
792,1231
272,1232
367,1233
606,1234
343,1235
793,1236
401,1237
380,1238
630,1238
385,1240
320,1241
108,1242
198,1242
108,1243
198,1243
108,1244
198,1244
123,1245
108,1246
123,1247
123,1248
123,1250
3129,1251
794,1252
795,1252
108,1253
372,1254
796,1255
108,1256
520,1257
416,1258
669,1259
416,1260
416,1261
798,1263
520,1264
521,1265
799,1267
3968,1271
279,1274
279,1275
197,1276
82,1277
785,1277
801,1278
785,1279
801,1279
801,1280
82,1281
801,1282
270,1283
279,1285
317,1286
785,1287
801,1287
802,1288
801,1290
801,1291
803,1294
804,1295
805,1296
806,1297
201,1298
354,1299
352,1301
201,1302
201,1303
67,1304
807,1305
211,1306
520,1306
211,1307
520,1307
211,1308
520,1308
211,1309
520,1309
520,1310
520,1311
520,1312
520,1313
520,1314
520,1315
520,1316
123,1317
123,1318
521,1319
521,1320
521,1321
521,1322
521,1323
320,1325
320,1326
320,1327
320,1328
808,1329
809,1330
320,1331
320,1332
320,1334
320,1335
320,1336
320,1337
320,1338
320,1339
320,1340
320,1341
320,1342
320,1343
320,1344
320,1345
377,1346
810,1349
424,1350
800,1350
424,1351
800,1351
424,1352
800,1352
424,1353
800,1353
424,1354
800,1354
424,1355
800,1355
424,1356
800,1356
424,1357
800,1357
424,1358
800,1358
424,1359
800,1359
424,1360
800,1360
424,1361
800,1361
424,1362
800,1362
424,1363
800,1363
424,1364
800,1364
424,1365
800,1365
424,1366
800,1366
424,1367
800,1367
424,1368
800,1368
424,1369
800,1369
424,1370
800,1370
424,1371
800,1371
424,1372
800,1372
424,1373
800,1373
424,1374
800,1374
424,1375
800,1375
424,1376
800,1376
424,1377
800,1377
424,1378
800,1378
424,1379
800,1379
424,1380
800,1380
424,1381
800,1381
424,1382
800,1382
424,1383
800,1383
424,1384
800,1384
424,1385
800,1385
424,1386
800,1386
424,1387
800,1387
424,1388
800,1388
723,1389
811,1389
2430,1389
2431,1389
2432,1389
424,1390
800,1390
424,1391
800,1391
424,1392
800,1392
424,1393
800,1393
424,1394
800,1394
424,1395
800,1395
424,1396
800,1396
424,1397
800,1397
424,1398
800,1398
424,1399
800,1399
424,1400
800,1400
424,1401
800,1401
424,1402
800,1402
424,1403
800,1403
424,1405
800,1405
188,1406
424,1407
800,1407
424,1408
800,1408
424,1409
800,1409
424,1410
800,1410
424,1411
800,1411
424,1412
800,1412
424,1413
800,1413
424,1414
800,1414
424,1415
800,1415
424,1416
800,1416
424,1417
800,1417
424,1418
800,1418
424,1419
800,1419
424,1420
800,1420
424,1421
800,1421
424,1422
800,1422
424,1423
800,1423
424,1424
800,1424
424,1425
800,1425
424,1426
800,1426
424,1427
800,1427
424,1428
800,1428
424,1429
800,1429
669,1430
385,1431
198,1432
198,1433
108,1434
198,1434
108,1435
198,1435
198,1436
108,1437
108,1438
108,1439
108,1440
108,1441
108,1442
108,1443
815,1445
817,1446
819,1447
822,1448
823,1449
583,1450
30,1451
57,1452
30,1453
826,1455
68,1456
829,1457
827,1458
830,1458
831,1458
2429,1459
834,1460
54,1461
836,1462
835,1463
68,1464
827,1465
837,1465
838,1465
840,1466
841,1467
842,1468
841,1469
841,1470
841,1471
694,1472
694,1473
695,1473
694,1474
694,1475
695,1475
694,1476
694,1477
694,1478
695,1478
751,1479
844,1479
30,1480
30,1481
845,1486
30,1487
846,1489
68,1490
68,1491
68,1492
68,1493
847,1494
30,1495
30,1496
30,1497
30,1498
30,1499
30,1500
30,1501
30,1502
30,1503
68,1504
669,1505
669,1506
669,1507
669,1508
669,1509
30,1510
142,1511
142,1512
142,1513
142,1514
123,1516
252,1517
274,1518
396,1519
848,1519
849,1519
851,1520
196,1521
791,1521
852,1525
26,1528
791,1529
853,1529
791,1530
853,1530
854,1531
26,1532
26,1533
293,1534
293,1535
293,1536
293,1537
293,1538
293,1539
536,1543
542,1543
659,1543
856,1545
498,1546
72,1547
72,1548
72,1549
30,1550
30,1551
30,1552
30,1553
30,1554
859,1556
94,1557
860,1557
858,1558
860,1558
861,1558
30,1559
30,1561
30,1562
30,1563
30,1564
863,1565
864,1566
67,1569
865,1569
67,1570
865,1571
254,1572
866,1572
254,1573
390,1578
390,1579
390,1580
390,1581
390,1582
390,1583
390,1584
868,1585
869,1587
870,1588
871,1589
694,1590
694,1591
694,1592
694,1593
694,1594
694,1596
694,1597
694,1598
694,1599
694,1600
872,1601
694,1602
694,1603
393,1604
694,1605
818,1606
873,1606
874,1606
873,1607
875,1608
878,1610
879,1611
694,1615
695,1615
385,1619
880,1620
198,1621
108,1623
881,1624
431,1625
431,1626
431,1627
431,1628
293,1629
293,1630
293,1631
293,1632
293,1633
293,1634
293,1636
293,1637
293,1638
293,1639
293,1640
293,1641
293,1642
293,1643
293,1644
293,1646
3591,1646
293,1647
293,1648
293,1650
293,1651
293,1652
293,1653
293,1654
293,1655
293,1656
293,1657
671,1660
672,1660
92,1662
30,1664
30,1665
30,1666
3130,1669
671,1671
672,1671
293,1672
436,1675
882,1676
30,1681
30,1682
801,1683
801,1684
883,1685
884,1686
884,1687
883,1688
885,1689
886,1690
197,1691
376,1691
887,1692
349,1693
346,1694
354,1695
888,1696
606,1697
379,1699
889,1700
4045,1701
890,1702
891,1703
201,1704
123,1705
893,1706
389,1707
212,1708
895,1709
389,1710
896,1711
897,1713
252,1714
898,1715
899,1717
901,1718
60,1719
902,1719
3039,1720
459,1721
903,1722
906,1723
908,1724
407,1725
910,1726
911,1727
912,1728
913,1729
914,1730
401,1731
97,1732
916,1732
3701,1732
919,1733
197,1734
198,1735
198,1736
920,1737
923,1738
30,1739
30,1740
30,1741
30,1742
30,1743
30,1745
30,1746
924,1748
67,1749
925,1750
927,1751
1282,1752
928,1753
929,1754
930,1754
931,1754
459,1755
933,1756
294,1757
498,1758
570,1758
580,1758
936,1759
937,1760
940,1761
943,1762
944,1763
945,1763
946,1763
782,1764
947,1764
948,1765
950,1766
108,1767
953,1768
954,1769
955,1771
956,1776
958,1781
959,1782
960,1782
961,1783
964,1784
293,1786
308,1787
965,1787
967,1789
438,1791
498,1791
438,1792
498,1792
438,1793
498,1793
438,1794
498,1794
438,1795
498,1795
968,1797
968,1798
294,1800
969,1800
970,1801
4264,1802
801,1803
785,1804
801,1804
390,1805
971,1806
972,1807
907,1808
973,1808
976,1809
908,1810
977,1810
980,1811
981,1812
108,1813
459,1813
211,1814
982,1814
983,1816
294,1817
984,1818
254,1819
985,1820
379,1821
168,1822
389,1823
986,1824
67,1825
987,1826
26,1827
211,1828
520,1828
123,1829
988,1829
108,1830
108,1831
108,1832
989,1833
108,1834
198,1834
521,1835
26,1836
521,1837
108,1838
990,1839
992,1840
994,1841
883,1842
996,1844
997,1845
254,1846
998,1847
999,1848
1000,1848
898,1849
1001,1850
123,1851
1002,1852
40,1853
54,1854
1003,1854
1004,1855
1005,1856
1006,1857
1008,1858
853,1859
211,1860
1010,1861
3133,1862
3132,1863
1012,1864
1013,1865
1014,1866
1015,1867
1016,1867
1017,1867
1019,1868
212,1869
3971,1870
1020,1872
207,1873
44,1874
751,1875
1022,1876
521,1877
1024,1878
1025,1879
1026,1880
1027,1880
1028,1880
1029,1881
26,1882
550,1883
1030,1883
1031,1884
705,1885
784,1885
478,1886
1032,1888
705,1889
784,1889
30,1890
123,1891
30,1892
1033,1893
211,1894
520,1894
30,1895
1034,1896
30,1897
30,1898
211,1899
520,1899
30,1900
1035,1900
411,1901
782,1902
1036,1902
30,1903
846,1904
26,1905
26,1906
26,1907
1037,1908
791,1909
854,1909
791,1910
853,1910
1038,1911
1034,1913
1039,1913
1040,1914
1041,1915
26,1916
751,1917
1042,1917
1043,1918
1044,1918
1046,1919
1047,1920
640,1923
641,1923
734,1923
1050,1924
1052,1925
1053,1926
1051,1927
1055,1928
54,1929
1058,1930
570,1931
1059,1931
1060,1931
570,1932
1059,1932
1060,1932
570,1933
1059,1933
1060,1933
1062,1934
1063,1935
1064,1936
108,1937
1065,1938
46,1939
123,1939
1066,1939
1069,1940
1070,1941
1071,1942
846,1943
2715,1944
1072,1945
385,1946
1076,1947
94,1948
858,1948
1077,1948
1079,1949
1080,1950
108,1951
1078,1951
1079,1951
1081,1952
1082,1953
108,1954
1078,1954
108,1955
1078,1955
1083,1956
1086,1957
1089,1959
1091,1960
1092,1961
1094,1962
125,1963
305,1963
441,1963
1096,1964
1098,1965
1100,1966
1102,1967
211,1968
1104,1968
1105,1969
108,1970
907,1970
1106,1970
723,1971
1107,1972
1108,1972
1109,1973
1110,1974
1111,1975
1112,1976
1113,1977
492,1978
1113,1978
492,1979
492,1980
791,1980
1113,1980
492,1981
1060,1981
1113,1981
1114,1982
1115,1983
342,1984
290,1985
1116,1987
197,1988
1117,1989
1118,1990
1119,1991
1116,1992
1120,1993
1121,1994
1122,1995
1123,1998
3930,1999
1124,2000
4123,2001
1126,2002
1127,2003
1116,2004
405,2005
1130,2006
108,2007
166,2007
1133,2008
791,2010
1135,2010
1136,2011
239,2012
539,2012
791,2013
1138,2013
123,2014
211,2014
624,2014
118,2015
211,2015
624,2015
1141,2016
1142,2017
1114,2018
1144,2018
1146,2019
1148,2020
1150,2021
791,2022
1144,2022
1151,2023
1153,2024
791,2025
850,2025
1154,2026
211,2027
108,2028
1155,2028
1158,2029
378,2030
159,2031
542,2031
732,2031
26,2032
791,2033
1159,2033
1160,2034
26,2035
254,2036
1163,2038
791,2039
1165,2039
114,2040
1167,2040
791,2041
2701,2041
2702,2041
1168,2042
1169,2043
1170,2044
1172,2045
1175,2046
1177,2047
1178,2048
294,2049
294,2050
1179,2052
294,2054
338,2054
43,2055
1181,2056
1182,2057
694,2058
751,2058
1183,2058
1184,2059
694,2060
1173,2061
751,2063
843,2063
1186,2064
1187,2065
1188,2065
1190,2066
294,2068
294,2069
751,2069
1068,2069
294,2070
1395,2070
43,2072
1192,2075
294,2076
694,2078
294,2079
694,2081
1193,2081
294,2082
751,2084
294,2085
1194,2087
1194,2088
294,2089
1195,2090
1197,2091
294,2092
431,2092
1198,2093
1199,2094
1034,2095
1039,2095
1200,2096
63,2097
30,2098
254,2099
30,2100
1201,2102
391,2103
393,2103
1034,2104
1039,2104
254,2105
141,2106
1203,2107
411,2108
199,2109
377,2110
377,2113
139,2114
1198,2116
1200,2118
1206,2119
411,2120
30,2121
1034,2122
1207,2122
1207,2123
63,2125
30,2126
30,2127
254,2128
799,2128
63,2129
1034,2130
1207,2130
1034,2131
1207,2131
494,2132
1208,2133
1122,2136
1209,2137
1116,2139
30,2140
777,2141
1198,2144
1211,2145
269,2146
1212,2147
1215,2149
269,2151
920,2152
1217,2152
1219,2153
1220,2154
54,2155
552,2156
740,2157
1221,2158
3923,2160
1224,2161
1225,2162
1227,2163
697,2164
1229,2165
463,2166
554,2166
1232,2167
697,2169
1234,2170
1235,2171
1236,2172
697,2174
697,2175
953,2176
1237,2176
1239,2178
1241,2179
1242,2180
1243,2180
1244,2180
1246,2181
1248,2182
1249,2184
542,2185
1251,2185
1254,2186
1255,2187
108,2190
1257,2191
1260,2192
1262,2193
3929,2194
1265,2196
906,2197
3932,2198
1266,2199
755,2204
906,2204
3629,2208
389,2209
62,2210
436,2211
211,2212
1103,2212
1104,2212
1267,2213
1268,2220
1270,2221
1271,2222
1272,2223
3932,2225
1273,2226
1275,2228
3978,2229
1278,2230
1279,2231
1281,2232
2743,2233
1284,2234
1287,2235
1288,2236
389,2238
459,2239
1147,2240
389,2241
459,2242
1129,2243
1147,2244
1289,2245
1290,2246
467,2247
1152,2248
1181,2249
1147,2250
1152,2251
649,2252
211,2253
479,2254
42,2255
1291,2256
591,2257
591,2258
125,2259
459,2260
459,2261
210,2262
118,2263
1119,2264
1292,2265
40,2266
125,2267
1293,2268
479,2269
156,2270
108,2271
389,2272
211,2273
67,2274
1294,2275
1146,2276
1273,2278
1295,2279
1296,2280
211,2281
211,2282
100,2283
1297,2283
1295,2284
732,2286
136,2287
1298,2288
305,2289
1299,2290
114,2291
132,2292
1300,2293
4185,2294
1301,2295
1295,2297
3950,2299
1304,2300
1302,2301
1306,2302
141,2303
1307,2304
1310,2305
1312,2306
1315,2307
1316,2308
1319,2309
199,2310
1305,2310
1306,2310
1265,2312
1321,2314
1269,2315
3935,2316
1295,2317
906,2319
1294,2322
1322,2325
1317,2326
1323,2327
1324,2329
1269,2330
1325,2331
1325,2332
1295,2333
838,2334
94,2335
1326,2336
1327,2337
1328,2338
1329,2339
94,2340
108,2341
108,2342
67,2343
2586,2343
1330,2344
1331,2345
108,2346
1119,2347
1332,2348
127,2349
597,2350
492,2351
1060,2351
1335,2352
1336,2353
1337,2354
1338,2355
1119,2356
1147,2356
1338,2356
1119,2357
1147,2357
1338,2357
3939,2358
3962,2360
1340,2361
1342,2362
1343,2364
1346,2365
1349,2367
1350,2368
1351,2369
1352,2370
1353,2373
3988,2374
4018,2375
1354,2379
1355,2380
1352,2381
1356,2382
1357,2383
4214,2388
1358,2389
1343,2390
1343,2391
1359,2392
1344,2393
1360,2393
1361,2394
1362,2395
1364,2397
1365,2398
389,2399
1366,2400
1370,2402
1373,2403
1374,2404
1377,2406
1378,2408
1379,2410
490,2411
1380,2411
1383,2412
455,2413
822,2414
1383,2414
1384,2414
1387,2415
127,2416
685,2417
729,2417
1388,2420
818,2421
1388,2422
4287,2423
1388,2424
1389,2425
1389,2426
4327,2428
1193,2430
294,2431
36,2432
1390,2433
694,2434
1391,2435
751,2436
1176,2436
1177,2436
1393,2437
751,2438
1394,2438
36,2440
1194,2441
391,2443
393,2443
749,2443
431,3430
725,3430
2391,3431
2392,3431
328,3432
2393,3433
2396,3434
2405,3435
2397,3436
2398,3437
2395,3438
1001,3439
2399,3440
2400,3440
725,3441
2403,3442
2404,3443
2405,3444
2405,3445
968,3446
2397,3448
407,3449
407,3450
407,3451
2406,3452
2407,3452
2408,3453
2409,3454
378,3455
968,3456
2411,3457
2412,3460
390,3461
1272,3462
2405,3465
2413,3466
2415,3467
2416,3468
2397,3469
372,3470
818,3471
54,3472
2417,3472
2418,3473
414,3474
1388,3475
2422,3476
2423,3477
343,3478
2425,3479
818,3480
1388,3481
1317,3482
2426,3482
2422,3483
2428,3483
1388,3484
2434,3485
2442,3486
2444,3487
2445,3488
2446,3490
3987,3491
3044,3492
1378,3494
2447,3495
4011,3496
2448,3497
2449,3497
2450,3497
4010,3498
2452,3499
2458,3500
4010,3501
2446,3502
2459,3503
2460,3504
2461,3505
860,3506
2462,3506
2463,3507
2464,3508
2465,3509
2466,3510
857,3511
859,3511
860,3511
2468,3512
2471,3513
1267,3514
2472,3515
624,3516
863,3516
2473,3516
2475,3517
2476,3519
2478,3520
955,3521
2476,3522
2484,3522
955,3523
2474,3523
2485,3523
2486,3524
2489,3525
2490,3526
2401,3527
2491,3527
2494,3528
199,3529
3179,3529
199,3530
199,3531
924,3532
3179,3532
2495,3533
63,3534
63,3535
199,3536
30,3537
924,3538
2496,3539
199,3540
199,3541
63,3542
36,3543
43,3543
751,3544
4124,3545
54,3546
338,3547
1130,3547
2497,3547
2498,3548
2502,3549
2446,3550
2504,3550
2506,3551
2507,3552
211,3553
648,3553
813,3554
2508,3555
2509,3555
2511,3556
2512,3557
2514,3558
431,3559
2517,3560
62,3561
241,3561
188,3562
2518,3562
749,3564
1212,3564
2519,3564
2522,3565
2523,3566
2524,3567
697,3568
2525,3569
2451,3570
860,3571
2526,3571
2528,3572
2530,3573
369,3574
459,3575
2531,3576
932,3577
933,3577
2532,3578
431,3579
431,3580
2527,3581
2533,3581
2535,3582
968,3583
293,3584
293,3585
393,3585
293,3587
293,3588
293,3589
293,3590
293,3591
293,3592
293,3593
2537,3594
2539,3595
2540,3596
2541,3597
431,3598
431,3599
725,3600
2542,3601
725,3602
725,3603
431,3604
725,3604
725,3605
431,3606
431,3607
2542,3607
431,3608
725,3609
378,3610
431,3611
431,3612
431,3613
756,3614
765,3614
431,3615
2543,3616
725,3618
2544,3619
431,3620
293,3621
725,3623
2546,3624
431,3625
431,3626
431,3627
2547,3627
26,3628
431,3629
431,3630
2548,3631
431,3632
431,3633
2549,3634
2550,3635
2405,3636
431,3637
2553,3638
2507,3639
2507,3640
2507,3641
2507,3642
2507,3644
2507,3646
2507,3647
2507,3649
44,3650
302,3650
2556,3651
302,3652
2507,3652
302,3653
2507,3653
567,3654
2507,3654
567,3655
2507,3655
2558,3656
2560,3657
697,3658
697,3659
697,3660
697,3662
697,3663
698,3663
697,3664
2562,3665
2563,3666
252,3667
459,3668
1144,3668
1165,3668
2565,3669
2567,3670
26,3671
67,3671
2568,3672
2569,3672
1153,3673
2570,3673
2571,3674
2572,3674
2574,3675
801,3676
2575,3677
2576,3677
2577,3677
2579,3678
1147,3679
1338,3679
2579,3679
1147,3680
1338,3680
2579,3680
1147,3681
1338,3681
2579,3681
2580,3682
2581,3682
2582,3682
2583,3683
1062,3684
2584,3685
2585,3685
2586,3686
2587,3687
2588,3687
2589,3688
2590,3688
618,3689
2591,3690
2592,3690
2593,3690
2594,3691
2595,3691
2596,3691
128,3692
799,3692
2597,3695
2598,3695
2599,3695
2600,3697
906,3698
3181,3698
2601,3699
2603,3700
2604,3702
2605,3702
2606,3702
254,3703
210,3705
939,3705
1204,3705
1147,3706
2607,3706
1045,3707
2608,3709
1321,3710
552,3711
782,3712
2609,3712
2610,3712
26,3714
682,3715
835,3715
2611,3717
2612,3719
2613,3719
2614,3719
1228,3720
2615,3720
2616,3720
390,3721
976,3722
2617,3722
2618,3722
515,3723
2619,3723
2620,3723
127,3724
2621,3724
2622,3724
2623,3725
2624,3725
492,3726
1060,3726
1113,3726
2625,3728
2626,3729
2627,3729
2628,3730
2629,3732
2630,3732
2631,3732
839,3733
2632,3735
2633,3735
2634,3735
2635,3736
2636,3737
2637,3737
2638,3737
4100,3738
199,3739
778,3739
1039,3739
1039,3740
1110,3741
2639,3742
2640,3742
2641,3742
618,3743
127,3744
542,3744
2642,3744
2643,3746
2646,3747
2644,3748
2645,3748
2646,3748
228,3749
2647,3750
2648,3751
2649,3752
2650,3752
2651,3753
2652,3754
385,3755
2653,3756
2653,3757
2653,3758
2654,3759
2655,3759
211,3760
2607,3760
2656,3760
1388,3763
229,3764
230,3764
749,3765
791,3766
1134,3766
2659,3766
895,3767
2660,3767
2661,3767
2664,3769
763,3770
2400,3770
4021,3772
4021,3773
4042,3773
2666,3774
2669,3775
2670,3776
2671,3777
3945,3778
4332,3782
127,3784
710,3784
2672,3784
2673,3785
2674,3785
2673,3786
2674,3786
2673,3787
2674,3787
2675,3787
2673,3788
2674,3788
2676,3788
490,3790
1046,3790
2398,3791
2677,3791
2680,3792
2528,3793
2682,3793
2683,3793
2684,3794
2685,3794
2686,3794
2395,3795
2398,3795
2687,3795
2687,3796
2688,3796
2689,3796
2690,3797
2691,3797
154,3798
211,3799
2692,3799
2693,3799
2694,3800
867,3801
2695,3801
1031,3802
839,3803
2696,3804
2698,3805
2699,3805
2700,3805
196,3806
791,3806
2703,3806
475,3807
1027,3807
2704,3807
648,3808
791,3808
1144,3808
436,3809
298,3810
2705,3810
2706,3811
2707,3811
2706,3812
2707,3812
2706,3813
2707,3813
2708,3814
1378,3815
1378,3816
839,3817
2709,3818
784,3820
2711,3820
2711,3821
2712,3821
705,3822
784,3822
2713,3822
784,3823
2710,3824
2711,3824
1317,3826
1295,3827
1268,3828
1295,3830
2716,3831
2538,3832
208,3833
691,3834
707,3834
2717,3834
305,3835
2671,3835
2718,3836
67,3837
868,3837
2500,3838
2502,3838
2720,3839
2721,3840
2722,3841
2723,3842
2724,3843
159,3844
751,3844
2725,3844
671,3845
671,3846
673,3846
2726,3847
2727,3847
2728,3847
2729,3848
2730,3849
671,3850
2731,3851
2732,3851
2733,3852
2734,3853
385,3854
2395,3855
2687,3855
2735,3855
2398,3856
2677,3856
2399,3857
2400,3857
2398,3858
2677,3858
618,3859
2736,3859
2406,3860
2407,3860
2398,3861
2407,3861
926,3862
926,3863
2737,3864
2738,3864
2739,3864
2740,3865
108,3866
2741,3866
2742,3867
2744,3868
2744,3869
2744,3870
4187,3870
4188,3870
4188,3871
555,3872
2745,3872
2746,3872
2600,3873
294,3874
732,3875
2739,3875
2747,3876
671,3877
2748,3877
2749,3877
227,3878
2750,3878
671,3879
2751,3880
2752,3881
2753,3881
2754,3881
403,3882
404,3882
4285,3883
2755,3884
2756,3886
2757,3886
2758,3886
1249,3887
398,3888
2759,3888
2760,3888
254,3889
63,3890
254,3892
254,3893
2762,3893
254,3894
2763,3894
26,3895
26,3896
26,3897
26,3898
26,3899
26,3900
26,3901
26,3902
26,3903
26,3904
26,3905
26,3906
26,3907
26,3908
26,3909
26,3910
26,3911
26,3912
26,3913
26,3914
26,3915
26,3916
26,3917
26,3918
26,3919
26,3920
26,3921
26,3922
26,3923
26,3924
26,3925
26,3926
26,3927
26,3928
26,3929
26,3930
26,3931
26,3932
26,3933
26,3934
26,3935
26,3936
26,3937
26,3938
26,3939
26,3940
26,3941
26,3942
26,3943
26,3944
26,3945
26,3946
26,3947
26,3948
1166,3949
1167,3949
1254,3949
2764,3950
132,3951
1147,3951
2765,3951
118,3952
2766,3952
2767,3952
2768,3953
2769,3953
2770,3953
2771,3954
2772,3956
2773,3956
2774,3957
2775,3957
2776,3958
2777,3958
2778,3958
240,3959
1074,3959
2779,3959
2779,3960
2780,3960
2781,3960
108,3961
749,3962
2782,3962
2783,3963
2784,3963
2785,3964
2786,3964
2786,3965
240,3966
2787,3966
2788,3966
503,3967
2689,3967
3957,3968
2789,3969
2793,3970
2791,3973
2792,3974
2794,3975
907,3976
2795,3976
790,3977
791,3977
2797,3978
465,3979
2798,3979
58,3980
94,3981
2528,3981
2800,3981
32,3982
2528,3982
2803,3982
2804,3983
2805,3983
2806,3983
210,3984
2804,3984
2805,3984
2807,3985
2801,3986
2802,3986
108,3987
2808,3987
2809,3987
2810,3988
2811,3989
2812,3989
2813,3990
2814,3990
1147,3991
2815,3991
2816,3991
389,3992
2817,3992
196,3993
211,3993
2818,3993
127,3994
467,3994
542,3994
2819,3995
2820,3996
904,3997
2821,3997
2822,3997
67,3998
379,3998
2823,3999
2824,3999
2723,4000
2825,4000
2826,4000
732,4001
2827,4002
2829,4003
378,4005
2832,4006
2833,4006
2834,4007
2835,4007
749,4009
1249,4010
108,4012
2837,4012
459,4013
2838,4013
2839,4014
2840,4015
2841,4016
2503,4017
2842,4017
2843,4017
2503,4018
2844,4018
1162,4019
2503,4019
2845,4020
136,4021
2846,4022
2847,4023
2841,4024
108,4025
2848,4025
2849,4025
623,4026
2850,4026
2851,4027
356,4028
2852,4028
100,4029
100,4030
100,4031
2853,4032
2840,4033
2854,4034
2855,4036
2856,4036
2857,4036
2858,4037
2859,4037
2860,4037
651,4038
2859,4038
2861,4038
2862,4039
2851,4040
317,4041
2863,4042
2864,4043
860,4044
2865,4044
2866,4044
791,4045
2867,4045
2528,4046
2657,4046
2658,4046
108,4047
1078,4047
459,4048
2868,4048
2869,4048
2870,4049
2871,4049
47,4050
2872,4050
210,4051
2873,4051
2874,4051
210,4052
2875,4052
2876,4052
47,4053
2872,4053
47,4054
2872,4054
47,4055
240,4055
2872,4055
2877,4056
210,4057
2873,4057
2874,4057
210,4058
2878,4058
2879,4058
210,4059
2873,4059
2878,4059
210,4060
2867,4060
2875,4060
210,4061
2867,4061
2875,4061
30,4064
714,4065
30,4066
30,4067
2880,4069
30,4070
552,4071
30,4072
30,4073
30,4074
30,4075
30,4076
2881,4077
2882,4077
2883,4077
2884,4078
2885,4078
2886,4078
2887,4079
2888,4079
2889,4079
127,4080
542,4080
2890,4080
2893,4084
839,4085
2896,4087
286,4088
553,4089
2897,4090
2898,4090
498,4091
2899,4092
30,4093
2900,4094
2901,4094
2902,4094
2903,4096
2904,4096
2905,4096
2907,4097
651,4098
2908,4098
2909,4098
2903,4099
2910,4099
127,4101
2609,4101
2911,4101
1130,4102
2609,4102
2912,4102
2609,4103
2911,4103
2912,4103
127,4104
1130,4104
2609,4104
2913,4105
2914,4105
2915,4105
2916,4106
2917,4106
2918,4107
2919,4107
2920,4107
67,4108
2921,4108
2922,4108
1385,4109
1387,4109
2924,4110
2925,4111
2926,4111
2927,4111
2928,4112
2931,4113
3954,4116
1378,4117
1119,4118
358,4119
1114,4119
2932,4120
2935,4121
63,4122
2936,4122
1074,4123
2906,4123
2937,4123
2940,4124
379,4125
2941,4128
2942,4128
2943,4128
47,4129
1119,4129
2944,4129
2945,4130
2946,4130
2947,4130
2948,4131
2949,4131
2950,4131
985,4132
1230,4132
2951,4132
2952,4133
2954,4133
2955,4135
2956,4137
739,4138
2957,4138
2687,4140
2689,4140
2958,4140
732,4141
2959,4142
2961,4145
2963,4149
4215,4152
1115,4154
2968,4159
2969,4160
2970,4160
3254,4161
732,4162
2971,4162
2972,4162
2973,4165
4221,4167
612,4168
2974,4170
2975,4170
945,4171
946,4171
2976,4171
54,4172
2977,4172
2979,4174
2980,4174
2982,4175
2983,4177
2983,4178
2984,4178
2985,4179
740,4181
100,4182
531,4183
2986,4184
1027,4185
1272,4185
2987,4185
2988,4186
2989,4186
2990,4186
732,4187
2991,4187
2993,4191
2994,4193
2995,4194
293,4195
2396,4196
1129,4198
1130,4198
2996,4198
2997,4199
2998,4200
2999,4200
3000,4200
3001,4202
694,4203
2748,4203
618,4204
2736,4204
378,4205
2395,4205
62,4206
3002,4206
3003,4206
3004,4207
3005,4207
3006,4207
26,4208
141,4209
3007,4210
3008,4210
3009,4210
2600,4211
225,4212
816,4212
3010,4213
3011,4213
3012,4214
3013,4215
3014,4217
354,4218
288,4219
1115,4220
1115,4221
288,4222
3015,4222
3959,4223
3016,4224
3018,4225
3019,4226
3020,4227
2398,4228
2677,4228
3022,4230
108,4231
3023,4232
712,4233
791,4234
3024,4234
3025,4234
3026,4235
3027,4237
42,4238
2901,4239
3028,4239
3029,4239
2901,4240
3028,4240
3029,4240
2901,4241
3028,4241
3029,4241
632,4242
211,4243
3030,4244
3031,4245
3032,4246
3033,4247
2549,4250
3035,4251
3036,4252
3037,4253
3035,4254
3038,4254
378,4255
3039,4256
3039,4257
3039,4259
378,4260
2549,4261
3933,4262
3934,4262
552,4263
791,4264
3040,4264
3041,4264
790,4265
196,4266
791,4266
2523,4267
3042,4268
3043,4269
3044,4269
3045,4271
775,4272
3046,4272
3047,4272
3047,4273
3048,4273
3047,4274
3049,4274
3050,4275
3050,4276
3051,4276
3050,4277
3051,4277
3053,4281
3054,4281
552,4283
479,4284
2514,4284
3056,4284
1134,4285
3057,4285
3058,4285
3059,4286
3060,4286
3061,4286
623,4287
3062,4287
3063,4287
3064,4288
2472,4290
3065,4290
3066,4290
3067,4291
3068,4291
3069,4292
838,4293
3070,4293
3071,4293
4189,4294
3072,4295
3073,4295
108,4296
907,4296
3074,4296
108,4297
907,4297
3075,4297
3076,4298
3077,4298
3078,4298
3079,4299
3080,4299
739,4303
3081,4304
1343,4305
455,4307
455,4308
490,4308
3936,4309
3082,4310
3083,4312
3025,4313
3085,4313
4120,4314
3086,4315
3087,4316
1387,4318
2923,4318
3088,4319
3089,4320
3089,4321
3089,4322
3089,4323
899,4324
899,4325
899,4326
899,4327
899,4328
899,4330
899,4331
57,4332
899,4332
30,4333
899,4334
899,4335
128,4336
128,4337
128,4338
128,4339
128,4340
128,4341
128,4342
128,4343
3090,4344
3090,4345
3090,4346
1119,4347
1154,4347
3091,4348
210,4351
1344,4352
1064,4353
3092,4354
1012,4356
2496,4357
2496,4358
2496,4359
2496,4360
2496,4361
2496,4362
2496,4363
924,4364
254,4365
799,4365
3093,4366
1039,4367
254,4368
763,4368
3094,4370
3095,4371
616,4372
617,4372
618,4372
3097,4374
3098,4375
3100,4376
782,4377
3101,4377
338,4378
3102,4378
671,4379
672,4379
782,4380
3104,4380
254,4381
3105,4382
616,4383
617,4383
618,4383
616,4384
617,4384
618,4384
616,4385
617,4385
618,4385
616,4386
617,4386
618,4386
616,4387
617,4387
618,4387
616,4388
617,4388
618,4388
616,4389
617,4389
618,4389
616,4390
617,4390
618,4390
616,4391
617,4391
618,4391
616,4392
617,4392
618,4392
616,4393
617,4393
618,4393
616,4394
617,4394
618,4394
616,4395
617,4395
618,4395
616,4396
617,4396
618,4396
616,4397
617,4397
618,4397
616,4398
617,4398
618,4398
616,4399
617,4399
618,4399
616,4400
617,4400
618,4400
616,4401
617,4401
618,4401
616,4402
617,4402
618,4402
616,4403
617,4403
618,4403
616,4404
617,4404
618,4404
616,4405
617,4405
618,4405
616,4406
617,4406
618,4406
3107,4407
3108,4408
3109,4409
3107,4410
3110,4410
782,4411
1129,4411
3111,4411
3113,4412
30,4413
3114,4413
30,4414
3114,4414
30,4415
3114,4415
30,4417
3114,4417
30,4418
3114,4418
30,4419
3114,4419
30,4421
3114,4421
30,4422
3114,4422
30,4423
3114,4423
30,4424
3114,4424
479,4425
1134,4425
3115,4425
2648,4426
3116,4428
230,4429
2567,4429
3117,4429
651,4430
3119,4430
136,4432
3120,4432
539,4433
665,4433
667,4433
3090,4434
3090,4435
3090,4436
3090,4437
3090,4438
3090,4439
3090,4440
3042,4442
3042,4443
3042,4445
3042,4446
3042,4447
3042,4448
2523,4449
2523,4450
2523,4451
30,4452
2523,4453
3042,4454
30,4455
2523,4457
30,4458
30,4459
2523,4460
2523,4461
2523,4462
2523,4463
2523,4464
2523,4465
2523,4466
2523,4467
2523,4469
2523,4470
2523,4472
2523,4473
1154,4474
3068,4474
3121,4474
128,4475
128,4476
128,4477
128,4478
155,4480
985,4480
3123,4482
3125,4484
3126,4485
3127,4485
2523,4486
2523,4487
30,4488
3128,4489
279,4490
279,4491
108,4492
3131,4493
220,4494
3135,4495
3136,4496
3137,4497
3138,4498
158,4499
3139,4499
3140,4499
3144,4500
416,4501
790,4502
90,4503
90,4504
90,4505
490,4506
3145,4507
3146,4508
3147,4509
3149,4510
3150,4511
158,4512
740,4512
26,4513
3153,4514
3154,4515
3155,4517
3156,4520
30,4521
108,4522
2505,4526
3159,4527
108,4529
3160,4529
3163,4530
520,4531
3165,4532
141,4533
54,4534
54,4535
3166,4536
54,4537
3083,4537
54,4538
54,4539
54,4540
860,4541
2527,4541
2528,4542
3168,4542
2527,4543
54,4544
1045,4545
3167,4545
3083,4546
3169,4546
54,4547
54,4548
54,4549
54,4550
54,4551
54,4552
54,4553
54,4554
3170,4555
54,4557
3172,4558
988,4559
1119,4559
988,4560
1119,4560
108,4563
141,4564
3924,4565
784,4566
2710,4566
2711,4566
26,4567
3089,4569
3174,4570
3175,4571
3176,4572
1051,4573
3176,4573
1051,4574
3176,4574
3177,4574
569,4575
1051,4575
1061,4575
1034,4576
1039,4576
3140,4576
63,4577
3178,4578
3179,4579
3180,4580
791,4581
3180,4581
1034,4582
1039,4582
3164,4583
3165,4583
3164,4584
3165,4584
3183,4585
1034,4586
1039,4586
108,4587
1078,4587
3185,4588
3186,4589
3187,4590
3188,4591
3189,4592
3190,4593
3191,4594
3947,4595
2955,4596
3192,4597
3193,4598
3946,4599
3194,4600
3212,4601
3195,4602
3196,4605
33,4607
3197,4608
3198,4610
3199,4611
108,4612
3200,4614
3201,4616
2748,4617
3202,4618
3203,4620
3206,4621
3207,4622
197,4623
3208,4624
3212,4625
3213,4627
3214,4628
3215,4629
3216,4630
3217,4633
350,4634
3218,4635
350,4636
776,4637
3220,4641
30,4642
3222,4645
3223,4647
3224,4649
3225,4650
3226,4652
3228,4653
3229,4654
3230,4655
271,4657
3231,4659
3232,4660
3234,4661
3235,4662
3236,4663
612,4664
3237,4667
3238,4668
3580,4669
3239,4670
3240,4671
3241,4673
3242,4675
3969,4676
3244,4677
3245,4678
944,4680
3247,4680
899,4681
3233,4683
3234,4683
3233,4684
3234,4684
3233,4685
3234,4685
3233,4686
3234,4686
3248,4688
3250,4690
3251,4691
3252,4692
3255,4694
3256,4695
384,4697
3148,4698
1119,4699
3258,4700
3260,4701
680,4703
1149,4703
3262,4704
197,4706
431,4709
3263,4710
3264,4712
3265,4716
1378,4717
3266,4718
3267,4722
3190,4723
3268,4726
3269,4727
2687,4728
3270,4728
3271,4730
3272,4731
3273,4733
168,4735
3275,4736
3277,4737
3278,4739
3281,4740
3282,4742
552,4743
354,4744
3283,4745
3284,4746
3285,4747
3288,4748
1129,4749
2996,4749
2997,4749
3289,4750
3290,4751
3291,4752
141,4753
3231,4754
354,4755
3292,4757
343,4758
3293,4759
30,4760
3294,4761
3295,4762
891,4763
3296,4764
343,4765
3297,4766
344,4767
3298,4768
346,4769
3299,4771
3300,4772
3302,4773
343,4774
3303,4775
3137,4776
3304,4777
293,4778
293,4779
431,4780
3305,4782
3306,4783
2505,4785
3308,4787
3194,4788
697,4789
882,4791
44,4792
3309,4793
3310,4794
3311,4796
3312,4800
3186,4801
478,4802
3313,4803
3314,4804
3315,4805
722,4806
3316,4807
3317,4809
743,4812
3318,4812
839,4813
1337,4813
2528,4813
3319,4814
3320,4816
3321,4818
3322,4819
3323,4820
3324,4821
3327,4822
492,4825
791,4825
3329,4826
3330,4827
3333,4830
3334,4832
3335,4833
3336,4834
3336,4835
3338,4836
30,4837
3339,4838
3330,4840
3340,4841
47,4842
210,4842
2805,4842
30,4843
431,4844
431,4845
293,4846
293,4847
431,4848
293,4849
293,4850
293,4851
293,4852
3289,4853
694,4854
3341,4855
624,4856
3343,4856
293,4857
431,4858
293,4859
293,4860
293,4861
293,4862
293,4863
293,4864
293,4865
338,4866
2681,4866
378,4867
503,4868
293,4869
3344,4870
3347,4871
3348,4872
3349,4873
3350,4876
3351,4876
3352,4876
3310,4878
3190,4880
3353,4881
3354,4882
3356,4883
3359,4885
732,4886
3360,4891
3361,4892
3362,4893
3363,4894
3365,4896
272,4897
3366,4898
3368,4900
3369,4900
2603,4901
3370,4902
3371,4903
3372,4904
3374,4906
3375,4907
3376,4908
3377,4909
3378,4910
3379,4911
3380,4912
3381,4913
3208,4914
3383,4915
3384,4916
2523,4918
732,4920
26,4923
3385,4924
3386,4926
3387,4927
3355,4933
3388,4934
3368,4935
3369,4935
3389,4936
3391,4937
3392,4938
3393,4939
3394,4941
3068,4942
3395,4942
3396,4943
128,4944
3227,4945
3228,4945
3397,4946
3398,4947
3400,4948
3402,4949
3403,4950
3404,4952
3405,4953
3406,4955
4219,4956
732,4957
3324,4961
3408,4961
3409,4963
3410,4964
3411,4966
1117,4967
3413,4968
3414,4969
3350,4972
3351,4972
3352,4972
44,4973
723,4975
3415,4976
3416,4976
3417,4976
3418,4978
3419,4979
3420,4980
3421,4981
3423,4983
3424,4987
3425,4988
857,4989
3427,4989
3428,4990
2505,4991
3429,4992
3430,4993
3431,4994
3432,4995
3433,4996
3434,4997
2748,4999
3435,5000
3436,5001
479,5002
3437,5004
3438,5005
3990,5006
3439,5007
3440,5008
3441,5009
3444,5010
2546,5011
3445,5012
788,5013
3446,5013
3447,5014
3448,5015
3194,5016
3989,5018
3450,5019
3452,5020
3453,5021
3454,5022
3455,5025
3456,5026
3457,5028
3458,5031
520,5032
3459,5033
3460,5034
1147,5035
3462,5036
3465,5037
3467,5038
3468,5039
694,5040
1391,5040
552,5041
552,5043
552,5044
552,5045
552,5046
391,5048
393,5048
749,5048
128,5049
733,5050
1285,5051
694,5052
3470,5053
3471,5054
3472,5055
789,5059
3474,5060
552,5061
2542,5064
3476,5065
3477,5066
3471,5069
301,5071
3481,5071
3263,5072
378,5073
3483,5077
3484,5078
3485,5080
3485,5081
3487,5082
2786,5083
3488,5084
4044,5085
3491,5086
3494,5090
3496,5091
3497,5092
3499,5093
3263,5094
290,5096
338,5097
2681,5097
3500,5098
3502,5099
3503,5100
67,5101
3504,5101
3505,5102
2867,5103
3506,5103
3508,5104
2883,5105
3510,5106
30,5107
30,5108
197,5109
2851,5110
3512,5111
3513,5112
3514,5113
3516,5114
30,5115
135,5116
623,5116
3518,5118
552,5119
697,5120
698,5120
699,5120
3519,5121
3520,5122
3523,5124
141,5126
3524,5127
4217,5128
3525,5129
3526,5130
3529,5131
2465,5132
3530,5132
3531,5133
3513,5134
3534,5135
3535,5136
3537,5137
3540,5138
3541,5139
1154,5140
3543,5140
3544,5142
3545,5143
3546,5144
3322,5145
3547,5146
63,5147
860,5148
2700,5148
3269,5149
3549,5150
618,5151
3550,5151
393,5153
3551,5154
720,5155
3552,5156
3555,5157
3556,5158
1225,5159
3559,5160
2770,5161
3561,5161
26,5162
2549,5165
3562,5166
3563,5168
2549,5170
3566,5171
3567,5173
3568,5174
3151,5176
3152,5176
108,5177
1012,5181
1192,5181
3570,5182
3571,5183
3572,5183
338,5184
763,5184
2866,5185
3166,5185
2546,5186
503,5187
2687,5187
3270,5187
3574,5188
2578,5189
2407,5190
3575,5190
3576,5191
2721,5192
3577,5193
141,5194
763,5195
3578,5195
3579,5196
407,5197
197,5198
3582,5199
3584,5200
503,5201
3586,5201
3587,5202
3588,5203
3589,5204
3270,5205
3583,5205
2640,5206
2641,5206
194,5207
394,5207
440,5207
3590,5208
791,5209
1164,5209
1165,5209
3592,5210
338,5211
3593,5212
1167,5213
3594,5213
3596,5214
2496,5215
3598,5216
3601,5217
63,5218
30,5219
30,5220
3602,5221
3055,5222
30,5223
30,5224
3604,5225
3606,5226
3607,5227
3608,5228
552,5229
127,5230
863,5230
3609,5230
197,5231
30,5232
63,5233
1198,5234
1110,5235
3611,5236
3612,5237
2680,5238
3613,5239
3090,5240
2495,5241
3614,5241
3615,5242
3617,5243
3618,5244
3619,5245
3620,5246
623,5247
3622,5247
455,5248
3623,5249
211,5250
3624,5252
3626,5253
3627,5254
354,5255
3628,5256
3629,5257
1034,5258
1039,5258
3630,5259
141,5260
3631,5260
30,5261
3044,5262
1378,5263
3632,5264
3633,5264
3634,5264
3632,5265
3633,5265
3634,5265
3632,5266
3633,5266
3634,5266
3635,5267
725,5269
2395,5270
2400,5270
2677,5270
2961,5271
3636,5271
3637,5273
3638,5274
3623,5275
3639,5276
3641,5278
3642,5280
3643,5282
3644,5284
3646,5285
919,5286
317,5287
3647,5288
3648,5289
3649,5289
3083,5290
2664,5291
3083,5292
1015,5293
1016,5293
1017,5293
32,5294
3625,5294
3650,5295
3651,5296
30,5297
1074,5298
2869,5298
3654,5299
3179,5300
3655,5301
653,5302
3247,5302
3656,5302
503,5303
2398,5303
2407,5303
1071,5304
2546,5306
2445,5307
2748,5308
2835,5309
3660,5310
919,5311
3661,5313
44,5314
3662,5315
3263,5316
3263,5317
3263,5318
3263,5319
3263,5320
3263,5321
3263,5322
3263,5323
3263,5324
3263,5325
3263,5326
3263,5327
3263,5328
3263,5329
3263,5330
3263,5331
3263,5332
3263,5333
3263,5334
3263,5335
3263,5336
3263,5337
3263,5338
3263,5339
3263,5340
3263,5341
3263,5342
3263,5344
3663,5345
3665,5346
3665,5347
3666,5348
3667,5349
3669,5351
1039,5352
3670,5352
3671,5353
503,5354
3673,5354
294,5355
743,5356
1068,5356
1286,5356
1377,5356
2488,5356
391,5357
662,5357
663,5357
3667,5358
455,5359
1162,5360
2503,5360
3674,5362
3675,5363
3677,5364
3679,5366
453,5367
3680,5369
3681,5370
3682,5371
108,5372
3684,5373
3685,5374
520,5376
40,5378
3657,5378
3657,5379
3686,5380
882,5381
3577,5381
3688,5383
3689,5388
3692,5389
348,5392
293,5393
3693,5395
3694,5396
3695,5398
3696,5399
2835,5400
3698,5401
3194,5402
3190,5404
3310,5405
3700,5406
3062,5407
3702,5407
2496,5408
3703,5409
790,5411
791,5411
3705,5412
3706,5413
3706,5414
3706,5415
3708,5416
464,5417
791,5417
3710,5418
3713,5419
4192,5420
3716,5421
3717,5422
240,5423
3718,5423
503,5424
3072,5424
3270,5424
503,5425
3270,5425
3563,5425
3719,5426
3721,5427
198,5428
3671,5429
3722,5430
3723,5431
3725,5432
3727,5433
951,5434
3728,5434
3729,5435
3732,5437
3733,5438
3734,5438
3735,5438
401,5439
378,5440
2395,5440
3736,5440
455,5441
455,5442
3737,5443
197,5444
108,5445
3738,5446
3739,5448
4186,5450
3740,5452
3741,5453
3743,5454
732,5455
3744,5456
503,5458
3745,5458
3746,5459
3749,5461
1378,5462
3750,5465
3751,5466
168,5467
3752,5468
4267,5469
3753,5471
30,5473
3194,5474
1118,5477
3754,5478
3755,5479
3756,5483
3757,5485
3758,5485
3759,5485
3760,5486
3761,5487
4043,5488
3763,5489
3764,5490
3765,5491
3760,5493
3766,5494
3970,5495
3767,5499
3768,5500
3769,5502
612,5505
612,5506
612,5507
612,5508
197,5510
3770,5511
3771,5512
3773,5515
220,5516
278,5516
3775,5520
3777,5521
3779,5522
3781,5523
694,5524
2748,5524
1190,5526
3782,5527
732,5528
3783,5529
3786,5530
3787,5531
3788,5532
3322,5534
3789,5534
3790,5535
3791,5538
1378,5540
3479,5540
3480,5540
3793,5541
3794,5542
732,5543
33,5544
3686,5544
3795,5546
3796,5547
2742,5551
3798,5551
3799,5552
3492,5553
1015,5554
3801,5554
3802,5555
3803,5556
3805,5557
3806,5558
317,5559
3807,5560
3808,5561
751,5562
3809,5563
1022,5565
279,5566
3810,5567
197,5568
3811,5569
351,5570
3812,5571
3814,5573
122,5574
3815,5577
122,5578
1027,5579
3804,5579
3805,5579
122,5580
3816,5581
3817,5582
3819,5583
254,5584
3820,5585
3821,5586
882,5587
3577,5587
3824,5588
2747,5589
3826,5589
128,5590
799,5590
3827,5591
3830,5592
3831,5593
3833,5595
3834,5596
4235,5597
3835,5599
3251,5600
3836,5601
3837,5601
2535,5602
3838,5603
3335,5605
3839,5606
128,5607
640,5608
641,5608
3840,5609
3841,5610
431,5611
3842,5612
2896,5613
3478,5614
3843,5614
3844,5616
694,5617
3301,5618
3302,5618
3845,5619
3846,5620
3847,5621
3166,5623
3513,5624
3848,5625
2409,5626
3849,5629
3247,5631
3850,5632
3851,5634
121,5635
3852,5636
1285,5637
3853,5638
3854,5639
803,5640
272,5641
3855,5642
3856,5643
3857,5644
655,5645
751,5646
3676,5647
3858,5648
3834,5651
3859,5652
3860,5653
3863,5654
30,5656
3864,5657
3865,5660
3866,5661
30,5662
3867,5663
3869,5664
3871,5665
3872,5666
287,5667
3501,5668
2862,5671
3873,5671
244,5672
3874,5673
3875,5674
3876,5676
3877,5677
2748,5678
2505,5681
3151,5682
3152,5682
2748,5683
3878,5687
3834,5691
3834,5692
3880,5693
351,5695
348,5696
3881,5697
3882,5698
3884,5699
3671,5701
3885,5702
3886,5703
3886,5704
3887,5705
3888,5706
3888,5707
3888,5708
3888,5709
345,5711
4224,5712
3289,5713
3889,5714
3194,5715
3890,5716
272,5717
3891,5718
3892,5720
338,5721
3893,5721
193,5722
3894,5723
3960,5724
3895,5725
3896,5726
3897,5727
3898,5729
3899,5731
3901,5732
3780,5736
3194,5737
3902,5738
3903,5740
521,5741
2540,5742
3904,5742
3905,5743
3906,5744
3907,5745
3909,5748
349,5749
3910,5750
252,5751
385,5751
271,5752
3911,5755
3912,5756
3913,5757
254,5758
799,5758
38,5759
200,5759
100,5760
725,5761
3914,5762
30,5763
3915,5764
2739,5766
3916,5767
3917,5768
3918,5769
3919,5770
3920,5771
630,5772
3539,5773
3921,5773
3922,5774
3912,5775
3925,5776
3925,5777
3925,5778
3925,5779
3926,5780
3928,5781
3925,5782
3925,5783
3925,5784
3925,5785
3925,5786
3925,5787
3925,5788
3925,5789
3925,5790
3925,5791
3925,5792
3925,5793
3925,5794
3925,5795
3925,5796
791,5798
3941,5798
3944,5799
2554,5800
2554,5801
3951,5802
3195,5803
3953,5804
2554,5808
3961,5808
2554,5809
3961,5809
1074,5810
2868,5810
3963,5811
1342,5812
3964,5812
3965,5813
3966,5814
3967,5815
790,5816
791,5816
791,5817
854,5817
3972,5818
3975,5819
3888,5821
312,5822
3979,5823
3980,5824
3981,5825
3982,5826
3982,5827
3982,5828
791,5829
3983,5829
3985,5830
1060,5831
3986,5831
3991,5833
740,5834
1039,5834
3992,5835
3993,5836
3994,5837
455,5838
210,5839
3996,5839
3997,5840
358,5841
4000,5842
4001,5843
4003,5844
4006,5845
655,5846
655,5847
655,5848
655,5849
655,5850
655,5851
655,5852
655,5853
655,5854
655,5855
655,5856
655,5857
655,5858
655,5859
655,5860
655,5861
655,5862
655,5863
655,5864
54,5865
4009,5866
4012,5867
604,5868
4014,5868
4017,5869
4025,5870
4017,5872
3576,5874
4026,5875
4028,5876
4029,5877
4030,5879
4031,5882
4034,5885
4036,5886
2629,5887
4039,5888
4041,5889
3055,5890
252,5891
1328,5892
3452,5893
4046,5893
782,5894
1129,5894
3111,5894
4048,5895
2547,5896
4050,5896
801,5897
801,5898
4051,5899
4053,5900
4053,5901
4054,5901
4053,5902
4055,5902
94,5903
740,5904
4056,5904
4059,5905
838,5906
3071,5906
4060,5906
624,5907
1129,5907
4061,5907
30,5908
3640,5910
4064,5911
127,5912
1057,5912
4065,5912
4066,5913
4069,5914
4070,5915
4071,5916
4072,5917
4073,5918
4075,5919
4077,5920
4076,5921
4077,5921
4077,5922
4078,5922
4079,5923
4076,5924
4079,5924
2658,5925
4081,5925
4082,5926
94,5927
4083,5927
4086,5928
4089,5929
30,5930
4092,5931
4094,5932
1383,5933
4096,5933
1383,5934
4095,5934
4097,5934
4098,5935
4101,5936
4102,5937
4103,5937
4104,5938
694,5939
2748,5939
4106,5940
4107,5941
4110,5942
4112,5943
4115,5944
4116,5945
4119,5946
522,5947
63,5948
4125,5952
3647,5953
3647,5955
4126,5956
4127,5958
4128,5959
4129,5960
4130,5961
3647,5962
32,5964
4125,5965
3083,5966
4131,5967
4132,5968
4133,5969
4134,5970
4125,5972
2463,5973
4135,5973
919,5974
4125,5977
4129,5978
4136,5979
4137,5980
4139,5981
751,5982
751,5983
197,5984
1097,5985
4140,5985
4142,5986
4143,5987
4145,5988
4147,5990
4148,5991
3164,5992
3165,5992
4150,5993
107,5994
539,5994
30,5995
4151,5996
3647,5997
4152,5998
4125,5999
4153,6000
4134,6002
4155,6003
4156,6004
4158,6006
4159,6007
4160,6008
3647,6009
4161,6010
3647,6011
4125,6013
94,6014
742,6015
4162,6016
4163,6017
4165,6019
4168,6020
2664,6021
3982,6021
4169,6022
4170,6023
4172,6024
4173,6025
4014,6026
4174,6026
3647,6027
4175,6029
4132,6030
4176,6031
4177,6032
4178,6032
1365,6033
3848,6034
4181,6035
4182,6036
732,6037
4183,6038
4193,6039
33,6040
3686,6040
802,6041
802,6042
2704,6043
4195,6043
3379,6044
4196,6045
4198,6047
4200,6048
4201,6049
4204,6050
4205,6051
197,6052
30,6053
4206,6054
30,6055
3289,6056
3289,6057
880,6058
880,6059
3607,6060
4207,6060
4208,6061
4209,6063
4210,6064
3549,6067
4211,6068
782,6069
4213,6069
1039,6070
3255,6071
4218,6072
4220,6073
100,6074
4223,6075
3428,6076
4226,6077
3315,6078
4225,6078
4227,6079
4228,6080
4229,6081
1385,6082
1387,6082
4230,6083
4234,6084
3921,6085
4234,6085
212,6086
4236,6086
212,6087
4236,6087
4237,6088
4076,6089
4077,6089
4079,6089
4238,6090
100,6091
100,6092
4240,6093
100,6094
100,6095
4243,6096
934,6097
568,6098
4245,6098
4246,6099
782,6100
3096,6100
4247,6100
4249,6101
3301,6102
3302,6102
3302,6103
3909,6103
3301,6104
3302,6104
3301,6105
3302,6105
3301,6106
3302,6106
3301,6107
3302,6107
4250,6108
4253,6109
4254,6110
4255,6111
4256,6112
4257,6113
4258,6114
4261,6115
4262,6116
4265,6117
4269,6118
4271,6119
3268,6121
4272,6121
4273,6122
4274,6123
4275,6124
4278,6125
4280,6126
1045,6127
4281,6127
3322,6128
4284,6130
30,6131
30,6132
30,6134
30,6135
30,6136
4286,6137
4289,6138
4269,6140
1034,6141
1039,6141
1034,6142
1039,6142
1034,6143
4292,6144
4294,6145
4295,6146
4296,6148
732,6150
732,6151
252,6152
279,6153
4299,6154
107,6156
396,6156
4300,6157
431,6159
279,6160
40,6162
3657,6162
4301,6163
4302,6165
4304,6167
801,6168
4306,6169
4307,6170
4309,6172
4313,6173
4314,6174
4315,6176
4318,6177
197,6178
30,6179
4319,6180
4320,6181
4320,6182
4320,6183
4144,6184
4322,6184
2818,6185
4323,6185
108,6186
1078,6186
4329,6187
4053,6188
4331,6189
4334,6190
982,6191
1119,6191
3497,6192
4335,6192
4336,6193
791,6194
1164,6194
1165,6194
4338,6195
4340,6196
839,6197
2528,6197
791,6198
2867,6198
47,6199
240,6199
4341,6199
2528,6200
4342,6200
197,6201
649,6202
2671,6202
3051,6202
790,6203
791,6203
4343,6204
4344,6205
4346,6206
4348,6207
4349,6208
4350,6209
4349,6211
4351,6212
4352,6213
4353,6216
4354,6218
4355,6219
4356,6220
4357,6222
507,6223
1015,6224
1016,6224
1017,6224
30,6225
4358,6225
4359,6226
30,6228
799,6229
2495,6229
520,6230
3513,6231
211,6232
198,6233
1122,6234
4362,6240
659,6241
4363,6242
4125,6243
4364,6244
108,6245
4365,6246
3657,6247
496,6248
4366,6248
521,6249
4367,6250
4368,6251
108,6254
3165,6254
4369,6255
4370,6258
4371,6259
4374,6260
4375,6261
4377,6262
791,6263
3340,6263
4378,6264
3994,6265
4379,6266
4380,6267
4384,6269
3179,6270
4385,6270
3602,6272
4388,6273
4390,6274
790,6275
791,6275
480,6276
3051,6276
4391,6276
3623,6277
4393,6278
4394,6279
396,6280
3315,6280
4395,6280
396,6281
3315,6281
4395,6281
3315,6282
4396,6282
3051,6283
4398,6283
4400,6284
4402,6285
490,6286
4401,6286
4403,6286
3167,6287
4399,6287
4400,6287
4402,6287
4404,6288
4404,6289
4405,6289
4406,6290
4407,6291
4408,6292
4410,6293
4411,6295
4412,6296
30,6297
4414,6298
790,6299
791,6299
3946,6300
4415,6301
4417,6302
4418,6304
4419,6305
4421,6306
4422,6307
4424,6308
1039,6309
1034,6310
1039,6310
4425,6311
3095,6312
4426,6312
4427,6313
4428,6314
860,6315
4428,6315
4429,6315
860,6316
4428,6316
4430,6316
4431,6318
503,6319
2410,6319
4432,6319
4435,6320
4436,6321
4437,6323
1378,6325
4438,6326
2523,6327
4440,6328
2789,6329
4442,6330
30,6332
2523,6333
4444,6334
4444,6335
4446,6336
4444,6337
4447,6337
4444,6338
4447,6338
4444,6339
4447,6339
4444,6340
4444,6341
4449,6342
4443,6343
4444,6343
4452,6344
4446,6345
4454,6345
4457,6347
30,6348
4460,6349
1147,6350
4053,6350
4463,6351
791,6352
854,6352
791,6353
854,6353
4464,6354
4466,6355
4467,6356
4469,6357
108,6358
3165,6358
503,6359
2398,6359
2687,6359
4472,6360
4474,6361
3594,6362
4476,6362
3612,6363
4481,6367
4482,6368
3055,6369
30,6370
30,6371
30,6372
4483,6373
543,6374
4483,6374
4484,6375
503,6376
3270,6376
3563,6376
4486,6377
26,6378
3179,6379
791,6380
3180,6380
791,6381
3180,6381
3179,6382
4319,6382
3179,6383
4487,6384
4488,6385
4491,6386
4494,6387
320,6389
279,6390
455,6391
3137,6392
4495,6392
4496,6393
3298,6394
3163,6395
4497,6395
4498,6396
2495,6398
3614,6398
3179,6399
3275,6400
4499,6400
4501,6401
1039,6402
4503,6402
4504,6403
4444,6404
4505,6404
4507,6405
4509,6406
4510,6407
3594,6412
4517,6412
4519,6413
4520,6415
3576,6416
4521,6416
4523,6417
4524,6418
254,6419
1039,6420
3608,6421
4526,6422
4527,6423
4528,6424
723,6425
455,6426
455,6427
4531,6428
4532,6429
4533,6430
4536,6431
4537,6432
252,6433
4538,6434
4539,6435
4541,6436
4542,6437
4545,6438
67,6439
3774,6439
4547,6440
4548,6441
4549,6443
4552,6444
732,6445
2739,6445
4553,6445
4554,6446
4557,6447
4559,6448
4560,6449
4563,6450
4564,6451
4566,6452
4567,6453
4568,6454
4569,6455
4572,6456
4574,6457
3793,6458
4575,6458
751,6460
4576,6460
4577,6462
4578,6463
4580,6464
4579,6466
4581,6467
4582,6468
4583,6469
4584,6470
30,6471
4585,6472
4586,6473
1012,6474
2544,6474
4587,6475
108,6476
4588,6477
455,6478
4589,6478
945,6479
2476,6479
30,6480
4590,6482
2495,6484
747,6485
4591,6486
4593,6488
288,6489
521,6490
320,6491
4594,6492
424,6493
4595,6493
4596,6494
521,6496
2523,6497
4598,6498
4599,6500
4600,6501
4603,6502
4604,6503
252,6504
4606,6505
1377,6506
4608,6506
4611,6507
372,6508
4613,6510
4614,6513
3042,6514
4615,6515
4616,6517
4617,6518
4619,6520
4620,6521
2495,6522
4621,6523
4622,6524
4587,6525
4623,6526
4625,6528
4626,6530
4627,6531
4628,6532
4629,6534
4631,6535
862,6536
30,6538
2663,6539
4632,6539
3411,6540
4633,6541
4634,6542
4636,6543
4637,6544
3055,6546
4639,6547
4640,6548
4641,6549
2748,6550
4644,6550
4645,6555
4646,6556
4647,6557
342,6558
4648,6559
4649,6560
4623,6562
694,6563
4650,6563
694,6568
4651,6569
4652,6570
694,6571
695,6571
4653,6573
72,6574
694,6575
4654,6576
4655,6577
30,6578
30,6579
30,6580
30,6581
4656,6583
948,6584
320,6585
882,6586
882,6587
3179,6588
254,6589
694,6591
694,6592
694,6593
694,6594
694,6595
694,6596
694,6597
695,6598
694,6599
4658,6600
4660,6601
4661,6602
294,6605
4662,6606
254,6607
3179,6608
1110,6609
3608,6610
4663,6611
4665,6612
2523,6613
4666,6614
1110,6615
56,6616
4667,6616
4668,6617
4671,6618
36,6620
43,6621
43,6622
43,6623
43,6624
43,6625
43,6626
43,6627
4673,6628
3506,6629
4672,6629
4673,6629
3506,6630
4672,6630
4673,6630
4674,6631
4676,6632
4677,6633
3179,6634
