CountryId,Code,Name
1002,null,Korea
1001,null,North Korea
1000,null,Republic of North Macedonia
998,null,Scotland
997,null,Yugoslavia
996,null,East Germany
995,null,West Germany
993,CS,Czechoslovakia
992,RS,Russia
991,SV,Soviet Union
990,AE,New
989,AE,New
988,AD,First
241,ZW,Zimbabwe
240,ZM,Zambia
239,ZA,South Africa
238,YT,Mayotte
237,YE,Yemen
236,WS,Samoa
235,WF,Wallis And Futuna
234,VU,Vanuatu
233,VN,Viet Nam
232,VI,"Virgin Islands, U.S."
231,VG,"Virgin Islands, British"
230,VE,Venezuela
229,VC,Saint Vincent And The Grenadin
228,VA,Holy See (Vatican City State)
227,UZ,Uzbekistan
226,UY,Uruguay
225,US,United States
224,UM,United States Minor Outlying I
223,UG,Uganda
222,UA,Ukraine
221,TZ,"Tanzania, United Republic Of"
220,TW,"Taiwan, Province Of China"
219,TV,Tuvalu
218,TT,Trinidad And Tobago
217,TR,Turkey
216,TO,Tonga
215,TN,Tunisia
214,TM,Turkmenistan
213,TL,Timor-Leste
212,TK,Tokelau
211,TJ,Tajikistan
210,TH,Thailand
209,TG,Togo
208,TF,French Southern Territories
207,TD,Chad
206,TC,Turks And Caicos Islands
205,SZ,Swaziland
204,SY,Syrian Arab Republic
203,SV,El Salvador
202,ST,Sao Tome And Principe
201,SR,Suriname
200,SO,Somalia
199,SN,Senegal
198,SM,San Marino
197,SL,Sierra Leone
196,SK,Slovakia
195,SJ,Svalbard And Jan Mayen
194,SI,Slovenia
193,SH,Saint Helena
192,SG,Singapore
191,SE,Sweden
190,SD,Sudan
189,SC,Seychelles
188,SB,Solomon Islands
187,SA,Saudi Arabia
186,RW,Rwanda
185,RU,Russian Federation
184,RS,Serbia
183,RO,Romania
182,RE,Reunion
181,QA,Qatar
180,PY,Paraguay
179,PW,Palau
178,PT,Portugal
177,PS,"Palestinian Territory, Occupie"
176,PR,Puerto Rico
175,PN,Pitcairn
174,PM,Saint Pierre And Miquelon
173,PL,Poland
172,PK,Pakistan
171,PH,Philippines
170,PG,Papua New Guinea
169,PF,French Polynesia
168,PE,Peru
167,PA,Panama
166,OM,Oman
165,NZ,New Zealand
164,NU,Niue
163,NR,Nauru
162,NP,Nepal
161,NO,Norway
160,NL,Netherlands
159,NI,Nicaragua
158,NG,Nigeria
157,NF,Norfolk Island
156,NE,Niger
155,NC,New Caledonia
154,NA,Namibia
153,MZ,Mozambique
152,MY,Malaysia
151,MX,Mexico
150,MW,Malawi
149,MV,Maldives
148,MU,Mauritius
147,MT,Malta
146,MS,Montserrat
145,MR,Mauritania
144,MQ,Martinique
143,MP,Northern Mariana Islands
142,MO,Macao
141,MN,Mongolia
140,MM,Myanmar
139,ML,Mali
138,MK,"Macedonia, The Former Yugoslav"
137,MH,Marshall Islands
136,MG,Madagascar
135,MD,"Moldova, Republic Of"
134,MC,Monaco
133,MA,Morocco
132,LY,Libyan Arab Jamahiriya
131,LV,Latvia
130,LU,Luxembourg
129,LT,Lithuania
128,LS,Lesotho
127,LR,Liberia
126,LK,Sri Lanka
125,LI,Liechtenstein
124,LC,Saint Lucia
123,LB,Lebanon
122,LA,Lao People's Democratic Republ
121,KZ,Kazakhstan
120,KY,Cayman Islands
119,KW,Kuwait
118,null,South Korea
116,KN,Saint Kitts And Nevis
115,KM,Comoros
114,KI,Kiribati
113,KH,Cambodia
112,KG,Kyrgyzstan
111,KE,Kenya
110,JP,Japan
109,JO,Jordan
108,JM,Jamaica
107,IT,Italy
106,IS,Iceland
105,IR,"Iran, Islamic Republic Of"
104,IQ,Iraq
103,IO,British Indian Ocean Territory
102,IN,India
101,IL,Israel
100,IE,Ireland
99,ID,Indonesia
98,HU,Hungary
97,HT,Haiti
96,HR,Croatia
95,HN,Honduras
94,HM,Heard Island And Mcdonald Isla
93,null,"Hong Kong, China"
92,GY,Guyana
91,GW,Guinea-Bissau
90,GU,Guam
89,GT,Guatemala
88,GS,South Georgia And The South Sa
87,GR,Greece
86,GQ,Equatorial Guinea
85,GP,Guadeloupe
84,GN,Guinea
83,GM,Gambia
82,GL,Greenland
81,GI,Gibraltar
80,GH,Ghana
79,GF,French Guiana
78,GE,Georgia
77,GD,Grenada
76,GB,United Kingdom
75,GA,Gabon
74,FR,France
73,FO,Faroe Islands
72,FM,"Micronesia, Federated States O"
71,FK,Falkland Islands (Malvinas)
70,FJ,Fiji
69,FI,Finland
68,ET,Ethiopia
67,ES,Spain
66,ER,Eritrea
65,EH,Western Sahara
64,EG,Egypt
63,EE,Estonia
62,EC,Ecuador
61,DZ,Algeria
60,DO,Dominican Republic
59,DM,Dominica
58,DK,Denmark
57,DJ,Djibouti
56,DE,Germany
55,CZ,Czech Republic
54,CY,Cyprus
53,CX,Christmas Island
52,CV,Cape Verde
51,CU,Cuba
50,CS,Serbia And Montenegro
49,CR,Costa Rica
48,CO,Colombia
47,CN,China
46,CM,Cameroon
45,CL,Chile
44,CK,Cook Islands
43,CI,Cote D'Ivoire
42,CH,Switzerland
41,CG,Congo
40,CF,Central African Republic
39,CD,"Congo, The Democratic Republic"
38,CC,Cocos (Keeling) Islands
37,CA,Canada
36,BZ,Belize
35,BY,Belarus
34,BW,Botswana
33,BV,Bouvet Island
32,BT,Bhutan
31,BS,Bahamas
30,BR,Brazil
29,BO,Bolivia
28,BN,Brunei Darussalam
27,BM,Bermuda
26,BJ,Benin
25,BI,Burundi
24,BH,Bahrain
23,BG,Bulgaria
22,BF,Burkina Faso
21,BE,Belgium
20,BD,Bangladesh
19,BB,Barbados
18,BA,Bosnia And Herzegovina
17,AZ,Azerbaijan
16,AX,Åland Islands
15,AW,Aruba
14,AU,Australia
13,AT,Austria
12,AS,American Samoa
11,AR,Argentina
10,AQ,Antarctica
9,AO,Angola
8,AN,Netherlands Antilles
7,AM,Armenia
6,AL,Albania
5,AI,Anguilla
4,AG,Antigua And Barbuda
3,AF,Afghanistan
2,AE,United Arab Emirates
1,AD,Andorra
