FilmId,CountryId
35,106
35,225
36,37
37,185
38,225
39,76
40,225
47,225
49,225
50,74
53,74
54,55
55,76
56,74
57,185
58,185
59,225
60,185
61,110
62,185
63,185
64,185
65,118
66,110
67,225
68,185
69,55
70,76
71,225
72,185
73,225
74,225
75,225
76,225
77,225
78,225
79,225
80,225
81,225
82,225
83,225
84,185
85,185
86,55
87,110
88,110
89,55
90,185
91,225
92,991
93,225
94,225
95,225
96,225
97,225
98,225
99,225
100,225
101,225
102,225
103,225
104,225
105,225
106,225
107,225
108,225
109,225
110,225
111,225
112,37
113,37
114,37
115,225
116,21
116,23
116,160
117,37
117,225
119,225
120,37
120,76
121,69
123,225
124,55
126,225
127,225
128,225
129,225
130,225
131,225
132,225
133,225
134,225
135,225
136,225
137,225
138,225
139,225
140,225
141,225
142,225
143,225
144,74
145,991
147,74
148,74
149,225
150,74
150,107
151,74
151,107
152,225
153,74
155,74
156,76
157,74
158,74
159,74
160,74
162,225
163,110
164,110
165,21
165,67
165,74
165,107
166,225
167,110
168,58
168,74
169,110
170,110
171,37
172,37
172,76
173,37
174,37
175,37
176,76
178,37
178,56
178,225
179,37
180,37
180,76
181,37
181,225
182,37
183,37
183,56
184,151
184,225
185,37
185,225
186,37
186,130
187,37
188,96
189,37
189,225
190,37
190,76
191,37
191,225
192,37
192,225
193,37
193,76
194,37
195,37
196,37
196,225
197,37
198,37
198,225
199,37
200,37
201,37
202,37
203,37
204,37
204,58
205,37
206,37
207,37
208,37
209,37
210,37
211,37
212,37
213,225
214,76
215,225
216,225
217,76
218,110
219,74
221,56
221,225
222,225
223,108
224,76
224,225
225,225
226,225
227,118
229,74
230,993
231,110
232,64
233,56
233,173
234,14
234,37
235,225
236,225
237,225
238,225
239,225
240,225
241,225
242,225
243,76
243,225
244,56
245,110
246,76
246,225
247,225
248,118
249,160
250,225
252,93
253,74
254,74
256,56
256,225
257,225
258,110
259,225
260,76
261,225
262,76
262,225
263,992
264,55
265,110
265,225
266,56
266,161
266,191
267,37
267,67
267,74
268,67
268,151
268,225
269,100
269,225
270,76
271,74
272,225
273,110
274,225
275,225
276,76
277,76
278,76
279,107
280,225
281,225
282,225
283,192
284,110
285,173
286,225
287,165
288,56
289,56
289,76
289,225
290,118
290,225
291,225
292,225
293,225
294,76
295,225
296,225
297,225
298,76
299,76
299,225
300,225
301,225
302,76
303,225
304,21
304,76
304,173
304,225
305,225
306,76
307,14
309,37
309,110
309,225
310,56
310,76
310,225
311,102
312,225
313,74
314,225
315,991
316,74
318,225
319,76
319,225
320,225
321,74
321,107
322,225
323,225
324,995
325,225
326,995
327,76
327,225
328,996
329,56
330,74
331,64
332,74
333,225
334,225
335,107
336,74
337,107
338,107
339,225
340,74
341,56
342,74
343,225
345,225
346,151
347,64
348,74
348,107
349,225
350,110
351,225
352,74
352,107
356,56
356,995
357,76
358,56
358,74
358,107
360,225
361,74
362,123
363,225
364,225
365,56
366,225
367,225
368,225
369,102
370,225
371,225
372,225
373,225
374,64
375,133
376,102
377,64
378,102
378,192
379,64
380,225
381,67
381,74
381,107
384,74
385,61
385,74
386,225
387,151
388,991
389,225
390,102
391,225
392,225
392,995
393,102
393,110
395,225
396,107
397,76
398,107
398,225
399,225
400,225
401,76
402,107
403,225
404,995
405,225
406,225
407,64
408,74
408,107
409,67
409,74
410,225
411,225
412,225
413,225
414,107
415,225
416,225
417,225
418,64
419,107
420,225
421,64
422,64
423,74
426,107
427,74
428,76
428,107
429,996
430,225
431,74
432,76
432,178
433,76
434,225
435,74
436,225
437,225
438,76
439,225
440,225
442,225
443,225
444,225
445,225
446,225
447,991
448,996
449,991
450,993
451,76
452,225
453,225
454,101
454,225
455,225
456,225
457,110
457,225
458,225
459,225
460,225
461,14
461,225
462,102
462,225
463,225
464,76
464,225
465,106
465,225
466,76
466,239
467,225
469,76
470,225
471,225
472,13
473,225
474,74
475,76
476,225
477,76
478,225
479,69
480,151
481,225
482,225
483,225
484,42
484,74
484,995
485,151
486,76
487,225
488,151
489,225
491,42
491,995
492,74
492,107
492,995
493,74
493,222
494,110
495,37
496,225
497,74
498,45
498,225
500,74
501,76
502,76
503,225
504,225
505,225
506,225
508,76
509,225
510,225
511,107
512,225
513,225
514,225
515,225
516,225
517,225
518,56
519,225
520,225
521,225
522,225
523,225
524,225
525,37
526,37
528,56
528,225
529,225
530,225
531,225
532,225
533,225
534,225
535,74
536,225
537,74
538,225
539,74
540,74
541,225
542,225
543,101
544,165
545,225
546,225
547,225
548,225
549,225
550,225
551,225
552,225
553,225
555,56
556,76
557,995
558,225
559,225
561,56
562,225
563,37
564,225
565,225
566,225
567,225
568,13
569,225
570,225
571,56
572,165
573,74
574,225
576,225
577,225
578,225
579,74
580,225
581,76
582,225
583,225
584,107
585,76
586,995
587,225
588,93
589,996
590,225
591,67
591,74
591,107
591,993
592,225
593,110
593,225
594,37
594,183
595,100
597,225
598,160
600,225
601,74
602,74
603,74
604,74
605,76
607,225
608,225
609,225
610,225
611,225
612,107
613,225
614,74
615,225
616,76
617,225
618,225
619,225
620,183
620,991
620,993
622,991
623,107
624,992
625,995
626,992
627,225
628,996
629,42
629,995
630,991
631,991
632,991
633,225
634,107
635,225
636,225
637,991
638,225
639,991
640,991
641,991
642,991
643,991
644,991
645,76
646,76
647,76
648,76
649,76
650,76
651,76
652,76
653,217
654,76
655,76
656,30
657,151
658,107
659,76
659,225
660,991
661,225
662,107
663,225
664,225
665,995
666,225
667,225
668,225
669,991
670,225
671,225
672,225
674,225
675,37
676,225
677,67
678,225
679,225
680,225
681,76
682,225
683,993
683,996
684,225
685,76
686,225
687,225
688,225
689,76
690,991
691,225
692,225
693,225
694,56
694,993
695,110
695,225
697,225
698,101
699,225
700,56
700,107
701,225
703,178
704,110
705,74
705,107
706,76
707,225
708,93
709,225
710,225
711,225
712,225
713,225
714,225
715,67
715,74
715,107
715,993
715,995
716,225
717,14
718,110
718,225
719,225
720,225
721,225
722,56
722,74
722,131
724,225
725,225
726,37
727,225
728,76
730,225
731,152
732,225
733,76
733,100
733,225
734,14
735,225
736,21
737,225
738,74
739,225
740,110
740,225
741,37
742,225
743,991
744,37
744,98
745,76
746,110
747,37
747,225
749,225
750,225
751,225
752,37
752,225
753,74
754,225
755,225
756,76
757,225
758,225
759,225
761,225
762,76
763,225
764,225
765,225
766,101
766,225
767,76
769,56
769,993
770,107
770,225
771,225
772,76
773,76
773,225
774,225
775,76
776,74
776,107
777,74
777,151
777,995
778,995
779,225
780,225
781,225
782,225
783,225
784,225
785,225
786,225
787,225
788,225
789,225
790,87
791,74
792,74
793,74
794,225
795,225
796,225
797,225
798,151
799,76
799,225
800,151
801,225
802,225
803,225
804,76
805,74
806,76
806,225
807,76
808,76
809,225
810,74
811,225
812,225
813,3
813,225
814,225
815,37
816,37
816,225
817,225
818,225
819,991
820,225
821,14
822,225
823,110
823,225
824,110
824,225
825,76
825,225
826,37
827,118
827,225
828,37
829,225
830,225
831,225
832,225
833,151
834,74
834,76
834,225
835,225
836,37
836,225
837,225
838,225
839,225
840,74
840,107
841,37
841,225
842,225
843,225
844,225
845,225
846,14
846,74
847,225
848,225
849,14
849,74
849,165
850,225
851,55
851,225
852,76
852,225
853,225
854,74
855,225
856,21
856,67
856,74
857,225
858,991
859,23
861,76
862,76
863,225
864,225
865,56
865,225
866,74
867,225
868,225
869,225
870,110
870,225
871,225
872,76
872,225
873,225
874,225
875,225
876,225
877,225
878,225
879,76
879,225
880,225
881,225
882,14
884,225
885,225
886,995
887,76
887,100
887,225
888,225
889,76
890,225
891,225
892,225
893,225
894,225
895,225
896,76
897,225
898,225
899,225
900,225
901,225
902,225
903,225
904,225
905,995
906,995
907,225
908,76
909,225
910,225
911,37
912,225
913,76
914,37
914,995
916,996
917,225
920,110
921,225
922,225
923,225
924,76
925,225
926,56
927,225
928,76
929,74
931,37
933,225
934,225
935,225
936,225
937,225
938,225
939,225
940,225
941,37
942,225
943,225
944,225
945,76
946,225
947,225
948,225
949,225
950,110
951,225
952,110
954,118
954,225
955,76
956,76
957,225
958,225
959,74
959,107
960,225
961,225
962,225
963,225
964,225
965,74
966,225
967,76
968,107
968,995
969,225
970,225
971,225
972,225
973,225
974,225
975,225
976,14
977,225
978,225
979,225
980,225
981,225
982,225
983,67
984,225
985,76
985,110
985,225
985,995
988,225
989,995
990,74
991,74
992,996
993,13
993,74
993,107
993,993
993,995
994,58
994,161
994,191
995,225
996,992
997,225
998,225
999,225
1000,101
1000,225
1001,225
1002,55
1002,56
1003,225
1004,14
1005,74
1006,37
1006,76
1007,225
1008,14
1008,37
1008,225
1009,225
1010,14
1010,76
1010,225
1011,76
1012,225
1013,225
1014,225
1015,56
1016,225
1017,225
1018,225
1019,225
1020,225
1020,995
1021,225
1022,225
1023,56
1023,74
1023,107
1023,225
1024,55
1024,56
1024,74
1024,76
1024,225
1025,56
1025,76
1025,225
1026,225
1027,225
1028,225
1030,118
1031,225
1033,225
1034,110
1035,225
1036,225
1037,225
1038,225
1039,76
1040,225
1041,225
1042,225
1043,225
1044,225
1045,225
1046,225
1047,225
1048,225
1049,225
1050,225
1051,225
1052,23
1052,225
1053,76
1054,225
1055,76
1056,225
1057,225
1058,76
1059,225
1060,225
1061,993
1061,995
1062,225
1063,14
1064,225
1065,225
1066,225
1067,225
1068,225
1069,225
1070,225
1071,225
1072,47
1072,93
1072,220
1073,37
1074,37
1075,37
1076,37
1077,37
1077,993
1078,225
1079,76
1080,225
1081,225
1082,37
1083,76
1084,225
1085,107
1086,991
1087,110
1087,160
1087,192
1087,995
1088,993
1089,23
1089,991
1090,74
1091,225
1093,225
1094,14
1094,37
1094,225
1095,225
1096,993
1097,225
1098,225
1099,991
1100,98
1100,225
1101,996
1102,225
1103,225
1104,76
1105,225
1106,225
1107,76
1108,991
1109,76
1110,225
1111,76
1112,58
1115,992
1117,56
1117,225
1118,992
1119,225
1120,56
1120,58
1120,74
1120,76
1120,100
1122,225
1123,993
1124,993
1125,993
1126,993
1127,993
1128,993
1129,993
1129,995
1130,993
1130,996
1131,993
1132,993
1133,993
1134,993
1135,993
1135,995
1136,13
1136,107
1136,993
1136,995
1137,993
1137,996
1138,13
1138,56
1138,993
1139,993
1139,995
1140,993
1140,996
1141,993
1142,993
1143,993
1144,56
1145,993
1146,55
1146,56
1147,55
1147,56
1148,55
1148,56
1149,55
1149,56
1149,74
1149,98
1149,173
1149,196
1150,225
1151,225
1152,225
1153,225
1154,225
1155,225
1156,225
1157,225
1158,225
1159,225
1160,225
1161,225
1162,996
1163,996
1164,996
1165,996
1166,996
1167,996
1168,996
1169,996
1170,996
1171,141
1171,996
1172,996
1173,996
1174,996
1175,996
1176,225
1177,996
1178,996
1179,21
1179,225
1180,996
1181,996
1182,225
1183,996
1184,996
1185,74
1185,107
1185,995
1186,996
1187,996
1188,107
1189,995
1190,995
1191,995
1192,995
1193,995
1194,995
1195,995
1196,991
1197,225
1198,13
1198,42
1198,110
1198,995
1199,225
1200,110
1200,225
1201,74
1201,107
1202,225
1203,76
1203,107
1204,74
1205,225
1206,56
1207,76
1208,225
1209,14
1210,992
1211,225
1212,74
1213,225
1214,225
1215,996
1216,225
1217,225
1218,74
1219,74
1220,74
1221,74
1222,74
1223,74
1224,76
1226,74
1227,74
1228,100
1229,56
1230,225
1231,76
1232,225
1233,225
1234,225
1235,76
1236,993
1237,225
1238,225
1239,74
1240,225
1241,225
1242,225
1243,225
1244,225
1245,225
1246,225
1247,225
1248,225
1250,225
1251,225
1252,74
1253,225
1254,995
1255,995
1256,225
1257,225
1258,151
1259,225
1260,151
1261,151
1262,225
1263,225
1264,225
1265,225
1266,21
1267,991
1271,995
1274,74
1275,74
1276,74
1277,74
1278,74
1279,74
1280,74
1281,74
1282,74
1283,74
1285,74
1286,225
1287,74
1288,56
1290,74
1291,74
1294,56
1295,225
1296,56
1298,225
1299,225
1301,225
1302,225
1303,225
1304,225
1305,225
1306,225
1307,225
1308,225
1309,225
1310,225
1311,225
1312,225
1313,225
1314,225
1315,225
1316,225
1317,225
1318,225
1319,225
1320,225
1321,225
1322,225
1323,225
1325,225
1326,225
1327,225
1328,225
1329,225
1330,225
1331,225
1332,225
1334,225
1335,225
1336,225
1337,225
1338,225
1339,225
1340,225
1341,225
1342,225
1343,225
1344,225
1345,225
1346,56
1347,56
1349,56
1350,225
1351,225
1352,225
1353,225
1354,225
1355,225
1356,225
1357,225
1358,225
1359,225
1360,225
1361,225
1362,225
1363,225
1364,225
1365,225
1366,225
1367,225
1368,225
1369,225
1370,225
1371,225
1372,225
1373,225
1374,225
1375,225
1376,225
1377,225
1378,225
1379,225
1380,225
1381,225
1382,225
1383,225
1384,225
1385,225
1386,225
1387,225
1388,225
1389,76
1389,98
1389,110
1390,225
1391,225
1392,225
1393,225
1394,225
1395,225
1396,225
1397,225
1398,225
1399,225
1400,225
1401,225
1402,225
1403,225
1405,225
1406,225
1407,225
1408,225
1409,225
1410,225
1411,225
1412,225
1413,225
1414,225
1415,225
1416,225
1417,225
1418,225
1419,225
1420,225
1421,225
1422,225
1423,225
1424,225
1425,225
1426,225
1427,225
1428,225
1429,225
1430,225
1431,225
1432,225
1433,225
1434,225
1435,225
1436,225
1437,225
1438,225
1439,225
1440,225
1441,225
1442,225
1443,225
1445,74
1446,107
1447,56
1447,74
1447,76
1448,47
1448,118
1448,225
1449,239
1450,23
1451,991
1452,7
1452,991
1453,991
1455,225
1456,225
1457,21
1457,74
1457,130
1458,74
1459,76
1459,104
1459,217
1460,110
1461,110
1462,56
1462,107
1463,67
1463,74
1463,107
1464,225
1465,21
1465,74
1465,100
1466,225
1467,37
1468,37
1469,37
1470,37
1471,37
1472,993
1473,993
1474,993
1475,993
1476,993
1477,993
1478,993
1479,55
1480,991
1481,991
1486,225
1487,991
1489,225
1490,225
1491,225
1492,225
1493,225
1494,56
1495,991
1496,991
1497,991
1498,991
1499,991
1500,991
1501,991
1502,991
1503,991
1504,225
1505,225
1506,225
1507,225
1508,225
1509,225
1510,991
1511,225
1512,225
1513,225
1514,225
1515,56
1516,225
1517,225
1518,225
1519,56
1519,76
1519,183
1520,225
1521,76
1521,225
1522,56
1523,56
1524,56
1525,56
1526,56
1527,56
1528,225
1529,225
1530,225
1531,225
1532,225
1533,225
1534,996
1535,996
1536,996
1537,996
1538,996
1539,996
1543,74
1544,225
1545,225
1546,225
1547,225
1548,225
1549,225
1550,991
1551,991
1552,991
1553,991
1554,991
1555,225
1556,110
1557,110
1558,110
1559,991
1561,991
1562,991
1563,991
1564,991
1565,74
1566,160
1567,160
1568,76
1569,225
1570,225
1571,225
1572,69
1572,991
1573,991
1574,56
1575,56
1576,56
1577,56
1578,76
1579,76
1580,76
1581,76
1582,76
1583,76
1584,76
1585,225
1586,74
1587,74
1588,74
1589,74
1590,993
1591,993
1592,993
1593,993
1594,993
1595,993
1596,993
1597,993
1598,993
1599,993
1600,993
1601,13
1602,993
1603,993
1604,993
1605,993
1606,76
1606,225
1606,995
1607,225
1608,76
1609,76
1609,993
1610,151
1611,11
1611,67
1611,151
1612,993
1613,993
1615,993
1616,993
1617,993
1618,993
1619,225
1620,225
1621,225
1623,225
1624,996
1626,56
1627,56
1629,996
1630,996
1631,996
1632,996
1633,996
1634,996
1636,996
1637,996
1638,996
1639,996
1640,996
1641,996
1642,996
1643,996
1644,107
1644,996
1646,996
1647,996
1648,996
1649,996
1650,996
1651,996
1652,996
1653,996
1654,996
1655,996
1656,996
1657,996
1659,74
1660,225
1661,110
1662,110
1663,74
1664,991
1665,991
1666,991
1668,110
1669,74
1670,110
1671,225
1672,996
1675,76
1676,225
1677,74
1680,993
1681,991
1682,991
1683,74
1684,74
1685,225
1686,225
1687,225
1688,225
1689,225
1690,225
1691,225
1692,225
1693,225
1694,225
1695,225
1696,225
1697,225
1698,74
1699,225
1700,225
1701,183
1702,225
1703,225
1704,225
1705,225
1706,67
1706,76
1706,225
1707,225
1708,225
1709,64
1709,76
1710,225
1711,225
1712,225
1713,37
1713,225
1714,225
1715,225
1716,74
1717,7
1717,991
1718,107
1719,76
1719,225
1720,56
1721,225
1722,225
1722,991
1723,74
1723,227
1724,76
1724,225
1725,995
1726,76
1726,100
1727,70
1727,225
1728,76
1729,225
1730,76
1730,225
1731,225
1732,37
1733,110
1734,74
1735,225
1736,225
1737,993
1738,37
1739,991
1740,991
1741,991
1742,991
1743,991
1745,991
1746,991
1748,991
1749,76
1749,106
1749,225
1750,56
1751,110
1751,993
1752,37
1752,225
1753,74
1754,56
1754,74
1754,130
1755,225
1756,67
1756,107
1757,993
1758,76
1758,225
1759,37
1760,225
1761,56
1762,67
1762,161
1762,996
1763,161
1764,21
1764,74
1765,225
1766,225
1767,225
1768,14
1769,225
1771,161
1772,161
1773,161
1775,161
1776,161
1777,161
1779,161
1780,161
1781,100
1781,225
1782,118
1783,76
1784,56
1784,165
1785,992
1786,996
1787,56
1787,225
1789,76
1790,74
1791,225
1792,225
1793,225
1794,225
1795,225
1797,56
1798,56
1800,74
1800,76
1800,993
1801,151
1802,93
1803,74
1804,74
1805,76
1806,225
1807,225
1808,14
1808,56
1808,225
1809,225
1810,225
1811,69
1812,74
1813,225
1814,14
1814,225
1815,225
1816,47
1817,993
1818,107
1819,991
1820,225
1821,225
1822,225
1823,225
1824,225
1825,225
1826,225
1827,225
1828,225
1829,225
1830,225
1831,225
1832,225
1833,225
1834,225
1835,225
1836,225
1837,225
1838,225
1839,225
1840,107
1840,225
1841,225
1842,225
1843,165
1844,992
1845,107
1846,991
1847,76
1848,76
1849,100
1849,225
1850,995
1851,225
1852,225
1853,225
1854,110
1854,225
1855,225
1856,48
1857,118
1858,37
1859,225
1860,225
1861,102
1862,102
1863,102
1864,102
1864,227
1864,991
1865,102
1866,225
1867,110
1868,107
1869,225
1870,225
1871,56
1872,225
1873,995
1874,225
1875,55
1876,225
1877,225
1878,225
1879,225
1880,160
1881,160
1882,225
1883,225
1884,100
1884,225
1885,225
1886,225
1887,102
1888,102
1889,225
1890,991
1891,225
1892,991
1893,55
1893,76
1893,225
1894,225
1895,991
1896,992
1897,991
1898,991
1899,225
1900,992
1901,991
1902,74
1903,991
1904,225
1905,225
1906,225
1907,225
1908,74
1908,225
1909,225
1910,225
1911,118
1913,992
1914,992
1915,997
1916,225
1917,55
1918,225
1919,110
1920,992
1921,20
1921,172
1922,102
1923,76
1924,225
1925,225
1926,225
1927,225
1928,991
1929,110
1930,74
1931,225
1932,225
1933,225
1934,225
1935,225
1936,121
1936,991
1937,225
1938,76
1938,225
1939,225
1940,56
1940,67
1940,74
1941,102
1942,225
1943,225
1944,225
1945,225
1946,225
1947,225
1948,110
1949,76
1949,225
1950,56
1950,76
1950,225
1951,76
1951,225
1952,76
1952,225
1953,76
1953,225
1954,76
1954,225
1955,76
1955,225
1956,76
1956,225
1957,56
1957,74
1959,107
1959,225
1960,107
1960,225
1961,76
1961,225
1962,225
1963,225
1964,76
1964,225
1965,161
1965,191
1965,991
1966,225
1967,76
1968,56
1969,102
1970,14
1970,225
1971,98
1972,225
1973,107
1974,222
1974,991
1975,225
1976,76
1977,225
1978,225
1979,225
1980,102
1980,225
1981,225
1982,76
1982,225
1983,225
1984,76
1985,225
1986,102
1987,102
1988,74
1988,225
1989,225
1990,225
1991,225
1992,102
1993,102
1994,102
1995,102
1996,102
1997,102
1998,102
1999,102
2000,102
2001,102
2002,102
2003,102
2004,102
2005,76
2006,56
2006,74
2007,225
2008,37
2008,225
2010,225
2011,225
2012,76
2012,110
2012,225
2013,225
2014,74
2014,76
2014,225
2015,74
2015,76
2015,225
2016,56
2016,76
2016,130
2017,225
2018,37
2018,225
2019,14
2019,74
2019,76
2019,98
2019,165
2019,225
2020,56
2020,76
2020,225
2021,225
2022,76
2022,225
2023,55
2023,173
2023,194
2023,225
2024,225
2025,225
2026,76
2026,225
2027,225
2028,225
2029,37
2029,69
2030,56
2031,55
2031,74
2031,76
2032,225
2033,102
2034,225
2035,225
2036,991
2037,37
2037,225
2038,47
2038,93
2038,220
2039,225
2040,74
2040,76
2040,107
2041,225
2042,225
2043,76
2044,161
2045,102
2046,55
2047,55
2047,58
2048,55
2049,993
2050,993
2051,993
2052,993
2053,993
2054,993
2055,993
2056,55
2057,55
2058,55
2059,55
2059,56
2060,993
2060,995
2061,55
2062,55
2063,55
2064,55
2065,55
2066,55
2067,55
2068,993
2069,55
2069,56
2069,196
2070,55
2072,993
2073,993
2074,23
2074,993
2075,173
2075,993
2076,993
2077,55
2078,993
2079,993
2080,993
2081,993
2082,993
2083,55
2084,55
2085,993
2086,23
2086,55
2086,74
2087,55
2088,55
2089,993
2090,993
2091,55
2092,993
2092,996
2093,992
2094,992
2095,992
2096,992
2097,991
2098,991
2099,991
2100,991
2101,992
2102,76
2103,993
2104,992
2105,991
2106,225
2107,102
2107,225
2108,991
2109,991
2110,56
2113,56
2114,14
2115,107
2116,222
2116,992
2117,992
2118,992
2119,56
2119,76
2119,96
2119,992
2120,991
2121,991
2122,992
2123,992
2124,991
2125,991
2126,991
2127,991
2128,991
2129,991
2130,992
2131,992
2132,225
2133,160
2137,166
2138,102
2139,102
2140,991
2141,992
2143,991
2144,992
2145,107
2146,107
2147,107
2148,107
2149,21
2149,74
2149,107
2149,130
2150,42
2151,107
2152,107
2153,69
2153,76
2153,107
2153,225
2154,107
2155,110
2156,991
2157,992
2158,63
2158,161
2160,14
2161,14
2161,225
2162,14
2163,14
2164,14
2165,14
2165,151
2165,225
2166,14
2167,14
2167,225
2168,14
2169,14
2170,14
2171,14
2172,14
2172,76
2173,14
2174,14
2175,14
2176,14
2177,173
2178,225
2179,225
2180,47
2180,93
2181,67
2182,225
2184,78
2184,991
2185,22
2185,74
2185,110
2185,139
2185,995
2186,14
2187,47
2188,37
2190,225
2191,74
2191,107
2191,215
2192,42
2192,56
2192,74
2192,76
2192,98
2192,105
2192,215
2193,14
2193,37
2194,173
2195,992
2196,173
2197,173
2198,173
2199,173
2200,173
2201,173
2202,173
2203,173
2204,173
2205,173
2206,173
2207,173
2208,51
2208,67
2209,76
2209,225
2210,217
2210,225
2211,76
2212,56
2213,37
2213,225
2214,37
2215,173
2217,173
2218,173
2219,173
2220,173
2221,173
2222,173
2223,173
2224,173
2225,173
2226,173
2227,173
2228,56
2228,107
2228,992
2229,199
2230,225
2231,74
2232,225
2233,225
2234,14
2234,76
2234,225
2235,58
2235,161
2235,191
2236,225
2238,225
2239,56
2239,225
2240,225
2241,225
2242,225
2243,14
2243,76
2243,225
2244,225
2245,225
2246,76
2246,225
2247,58
2247,67
2247,74
2247,106
2247,160
2247,161
2247,191
2248,225
2249,37
2249,225
2250,56
2250,225
2251,74
2251,225
2252,225
2253,225
2254,225
2255,37
2255,56
2255,225
2256,93
2257,14
2257,225
2258,14
2258,225
2259,14
2259,74
2259,225
2260,225
2261,225
2262,225
2263,225
2264,225
2265,107
2266,76
2266,107
2267,225
2268,225
2269,225
2270,76
2271,225
2272,225
2273,225
2274,225
2275,173
2276,173
2277,173
2278,173
2279,173
2280,74
2281,225
2282,225
2283,37
2283,42
2283,58
2283,74
2283,173
2284,173
2285,173
2286,56
2286,74
2286,76
2286,110
2286,225
2287,76
2288,225
2289,56
2289,225
2290,225
2291,67
2291,76
2292,76
2292,225
2293,173
2294,173
2295,173
2296,173
2297,173
2298,173
2299,173
2300,69
2300,76
2300,173
2301,13
2301,69
2301,173
2302,173
2303,225
2304,239
2305,74
2305,199
2306,199
2307,22
2307,42
2307,74
2308,173
2308,993
2309,173
2310,173
2310,991
2311,173
2312,173
2313,173
2314,173
2315,173
2316,173
2317,173
2318,173
2319,173
2320,173
2322,173
2323,173
2324,173
2325,56
2325,173
2326,173
2327,173
2328,173
2329,74
2330,173
2331,173
2332,173
2333,173
2334,21
2334,58
2334,100
2334,130
2335,110
2336,67
2337,110
2338,225
2339,76
2340,110
2341,225
2342,14
2342,225
2343,225
2344,225
2345,225
2346,76
2346,225
2347,56
2347,76
2347,183
2347,225
2348,225
2349,74
2350,56
2350,69
2350,74
2351,225
2352,225
2353,225
2354,225
2355,165
2355,225
2356,165
2356,225
2357,165
2357,225
2358,118
2359,118
2360,110
2360,118
2361,118
2362,118
2363,118
2364,118
2365,118
2366,118
2367,118
2368,118
2369,118
2370,118
2371,118
2372,225
2373,118
2374,118
2375,118
2378,118
2379,118
2380,118
2381,118
2382,118
2383,118
2384,118
2385,118
2386,118
2387,118
2388,118
2389,118
2390,118
2391,118
2392,118
2393,118
2394,11
2395,30
2396,30
2397,74
2397,215
2398,110
2399,225
2400,56
2401,74
2402,74
2403,74
2404,55
2405,225
2406,69
2406,191
2407,47
2408,47
2409,47
2409,93
2410,47
2410,225
2411,110
2412,47
2412,225
2413,93
2414,47
2415,47
2415,93
2416,21
2416,67
2416,74
2416,230
2417,76
2418,76
2419,76
2420,76
2421,76
2422,76
2423,76
2424,76
2425,76
2426,76
2427,76
2428,76
2429,76
2430,993
2431,993
2432,993
2433,55
2434,993
2435,993
2436,55
2437,55
2437,196
2438,55
2440,993
2441,55
2442,993
2443,74
2443,107
2443,993
2443,995
3430,996
3431,56
3432,56
3433,56
3434,56
3435,56
3436,995
3437,56
3438,56
3439,995
3440,56
3441,996
3442,56
3443,56
3444,56
3445,56
3446,56
3447,56
3448,56
3449,995
3450,995
3451,995
3452,56
3453,56
3454,13
3455,56
3456,56
3457,107
3457,995
3458,76
3459,74
3459,76
3460,76
3461,76
3462,173
3463,76
3464,56
3465,56
3466,56
3467,56
3468,76
3469,56
3470,995
3471,76
3472,110
3473,76
3474,76
3475,76
3476,76
3477,76
3478,76
3479,76
3480,76
3481,76
3482,76
3482,173
3483,76
3484,76
3485,47
3486,74
3487,47
3488,47
3489,47
3490,47
3491,47
3492,47
3493,47
3494,47
3495,47
3496,47
3497,47
3497,225
3498,47
3499,37
3500,47
3501,47
3502,47
3503,110
3504,110
3505,110
3505,225
3506,110
3507,110
3508,110
3509,110
3510,110
3511,110
3512,76
3512,160
3512,171
3513,76
3513,98
3514,37
3514,225
3515,76
3516,74
3517,191
3519,161
3520,58
3521,161
3522,161
3523,161
3523,191
3524,58
3525,58
3526,58
3527,56
3527,191
3528,225
3529,991
3530,991
3531,991
3532,991
3533,211
3533,991
3534,991
3535,991
3536,991
3537,992
3538,991
3539,63
3539,991
3540,991
3541,991
3542,991
3543,993
3544,55
3545,55
3546,110
3547,42
3547,74
3547,76
3547,98
3547,995
3548,225
3549,225
3550,47
3550,93
3551,225
3552,56
3552,110
3552,225
3553,225
3554,37
3555,67
3555,107
3556,56
3557,225
3558,225
3559,996
3560,110
3561,56
3561,76
3561,225
3562,225
3564,107
3565,76
3566,222
3566,991
3567,107
3568,14
3569,76
3570,55
3571,110
3572,110
3573,225
3574,225
3575,225
3576,74
3577,67
3577,107
3578,160
3579,996
3580,996
3581,110
3582,107
3583,56
3584,996
3585,996
3587,996
3588,996
3589,996
3590,996
3591,996
3592,996
3593,996
3594,225
3595,56
3596,56
3597,56
3598,996
3599,996
3600,996
3601,996
3602,996
3603,996
3604,996
3605,996
3606,993
3607,996
3608,996
3609,996
3610,56
3611,996
3612,996
3613,996
3614,996
3615,56
3616,995
3618,996
3619,227
3619,991
3620,996
3621,996
3623,996
3624,995
3625,996
3626,996
3627,215
3627,996
3628,225
3629,996
3630,996
3631,56
3632,56
3633,996
3634,56
3635,995
3636,56
3637,996
3638,56
3638,74
3638,76
3639,225
3640,225
3641,225
3642,225
3644,225
3646,225
3647,225
3649,225
3650,110
3650,225
3651,58
3651,129
3651,130
3651,131
3652,110
3652,225
3653,110
3653,225
3654,225
3655,225
3656,225
3657,37
3657,225
3658,14
3659,14
3660,14
3662,14
3663,14
3664,14
3665,37
3665,225
3666,225
3667,225
3668,225
3669,11
3669,225
3670,74
3670,173
3670,995
3670,997
3671,225
3672,67
3673,76
3673,98
3673,225
3674,225
3675,110
3676,74
3677,74
3677,107
3678,225
3679,165
3679,225
3680,165
3680,225
3681,165
3681,225
3682,76
3683,225
3684,21
3684,74
3684,76
3685,110
3686,225
3687,76
3688,225
3689,56
3689,225
3690,37
3691,239
3692,35
3692,991
3693,173
3694,173
3695,30
3696,993
3697,225
3698,173
3699,67
3700,37
3701,56
3702,225
3703,991
3704,173
3705,56
3705,225
3706,225
3707,110
3709,233
3710,173
3711,991
3712,21
3712,74
3713,993
3714,225
3715,107
3716,199
3717,37
3718,56
3719,173
3720,225
3721,76
3722,48
3722,62
3722,225
3723,56
3723,74
3723,76
3723,98
3724,61
3724,74
3725,74
3726,225
3727,991
3728,102
3729,48
3730,225
3731,67
3732,55
3733,225
3734,56
3735,225
3736,76
3737,76
3737,100
3737,225
3738,47
3739,992
3740,225
3740,992
3741,222
3741,991
3742,110
3743,56
3744,74
3745,74
3746,74
3747,74
3748,74
3749,225
3750,225
3751,76
3752,14
3753,225
3754,14
3754,32
3754,76
3755,225
3756,225
3757,225
3758,225
3759,225
3760,56
3760,225
3762,37
3762,151
3763,76
3764,74
3764,107
3765,42
3765,107
3765,995
3766,76
3766,225
3767,74
3769,110
3770,56
3771,13
3772,241
3773,173
3773,241
3774,225
3775,110
3776,32
3777,76
3777,225
3778,131
3779,42
3780,63
3781,196
3782,96
3783,23
3784,74
3784,107
3785,76
3786,76
3787,76
3788,76
3789,194
3790,110
3791,56
3792,183
3793,110
3794,184
3795,56
3796,13
3796,56
3797,37
3798,225
3799,37
3799,67
3800,225
3801,225
3802,100
3802,225
3803,225
3804,69
3805,93
3805,110
3805,225
3806,76
3806,225
3807,76
3808,37
3808,76
3808,225
3809,76
3810,225
3814,47
3815,47
3816,47
3817,225
3818,225
3820,225
3821,37
3822,225
3823,225
3824,37
3824,225
3826,173
3827,173
3828,173
3829,173
3830,173
3831,74
3832,225
3833,76
3834,37
3834,225
3835,76
3835,225
3836,225
3837,225
3838,225
3839,225
3840,995
3841,225
3842,56
3843,76
3844,55
3844,196
3845,225
3846,225
3847,225
3848,225
3849,37
3850,225
3851,67
3852,76
3853,107
3854,225
3855,56
3856,56
3857,56
3858,56
3859,56
3860,56
3861,56
3862,110
3863,110
3864,56
3864,74
3864,76
3864,102
3865,225
3866,225
3867,225
3868,74
3869,74
3870,74
3871,74
3872,14
3873,225
3874,993
3875,56
3875,67
3875,74
3875,76
3875,107
3876,225
3877,225
3878,110
3879,225
3880,74
3881,225
3882,225
3883,225
3884,135
3884,991
3885,991
3886,98
3887,17
3887,78
3887,991
3888,37
3888,100
3888,225
3889,991
3890,991
3892,991
3893,991
3894,191
3894,991
3895,225
3896,225
3897,225
3898,225
3899,225
3900,225
3901,225
3902,225
3903,225
3904,225
3905,225
3906,225
3907,225
3908,225
3909,225
3910,225
3911,225
3912,225
3913,225
3914,225
3915,225
3916,225
3917,225
3918,225
3919,225
3920,225
3921,225
3922,225
3923,225
3924,225
3925,225
3926,225
3927,225
3928,225
3929,225
3930,225
3931,225
3932,225
3933,225
3934,225
3935,225
3936,225
3937,225
3938,225
3939,225
3940,225
3941,225
3942,225
3943,225
3944,225
3945,225
3946,225
3947,225
3948,225
3949,74
3949,107
3950,225
3951,225
3952,37
3952,225
3953,76
3954,225
3955,76
3956,225
3957,225
3958,24
3958,67
3958,76
3958,225
3959,56
3959,76
3959,225
3960,225
3961,225
3962,107
3963,160
3964,30
3965,30
3966,56
3967,56
3968,42
3968,56
3968,225
3969,152
3969,192
3970,96
3971,96
3972,96
3973,96
3973,225
3974,96
3975,107
3976,225
3977,225
3978,107
3979,225
3980,225
3981,110
3982,110
3983,225
3984,225
3986,160
3987,76
3987,225
3988,225
3989,225
3990,992
3991,225
3992,225
3993,225
3994,74
3995,76
3996,74
3996,215
3997,42
3997,74
3997,215
3998,225
3999,995
4000,76
4000,98
4001,76
4002,991
4003,118
4005,56
4006,74
4007,107
4009,107
4010,78
4010,991
4011,23
4012,225
4013,225
4014,76
4015,217
4016,217
4017,93
4017,110
4018,93
4019,93
4020,93
4021,76
4022,217
4023,217
4024,217
4025,225
4026,74
4027,225
4028,37
4029,37
4030,37
4031,37
4032,217
4033,217
4034,217
4035,217
4036,11
4036,67
4036,74
4036,110
4037,11
4038,11
4039,76
4040,225
4041,225
4042,225
4043,225
4044,110
4045,76
4045,225
4046,110
4047,76
4047,225
4048,21
4048,76
4048,225
4049,152
4050,225
4051,225
4052,225
4053,225
4054,225
4055,56
4055,225
4056,225
4057,225
4058,225
4059,225
4060,225
4061,225
4062,225
4063,992
4064,992
4065,992
4066,991
4067,991
4068,992
4069,160
4070,991
4071,991
4072,991
4073,991
4074,991
4075,991
4076,991
4077,37
4078,225
4079,225
4080,74
4080,225
4081,14
4082,152
4083,152
4084,37
4084,225
4085,225
4087,993
4088,225
4089,225
4090,67
4091,225
4092,992
4093,992
4094,30
4095,7
4096,23
4096,217
4097,37
4097,225
4098,67
4098,100
4099,217
4100,225
4101,74
4102,74
4103,74
4104,74
4105,173
4106,151
4107,67
4107,74
4108,225
4109,47
4109,225
4110,47
4110,93
4111,47
4112,47
4112,93
4113,47
4113,93
4113,225
4114,47
4115,47
4115,225
4116,110
4116,220
4117,47
4118,225
4119,225
4120,37
4121,14
4122,991
4123,37
4123,225
4124,56
4124,74
4124,181
4124,217
4125,225
4126,96
4127,56
4128,110
4129,225
4130,56
4130,74
4130,217
4131,225
4132,225
4133,992
4134,225
4135,225
4136,225
4137,67
4138,225
4139,118
4140,56
4141,76
4142,69
4144,225
4145,74
4146,37
4147,239
4149,29
4150,69
4152,225
4154,225
4157,225
4158,47
4159,76
4160,56
4161,110
4162,76
4163,110
4164,225
4165,76
4166,225
4167,225
4168,225
4169,239
4170,76
4171,58
4171,161
4172,110
4174,67
4174,76
4174,225
4175,225
4176,67
4177,67
4178,11
4178,67
4179,173
4180,992
4181,992
4182,37
4183,76
4184,76
4185,76
4185,151
4185,161
4185,173
4186,225
4187,76
4189,225
4191,37
4191,225
4192,225
4193,48
4194,225
4195,996
4196,995
4197,225
4198,74
4199,21
4199,74
4200,225
4200,995
4201,225
4202,74
4202,225
4203,225
4203,993
4204,56
4205,995
4206,37
4206,225
4207,225
4208,225
4209,225
4210,56
4211,225
4212,107
4213,165
4214,39
4214,186
4215,225
4215,233
4216,37
4217,225
4218,225
4219,225
4220,225
4221,225
4222,225
4223,158
4224,158
4225,158
4226,158
4227,158
4228,56
4230,47
4230,93
4231,225
4232,14
4233,14
4233,225
4234,47
4234,93
4234,225
4235,76
4236,222
4237,222
4238,37
4238,102
4238,225
4239,30
4240,30
4241,30
4242,225
4243,74
4243,110
4243,225
4244,56
4245,56
4246,56
4247,56
4248,56
4249,56
4250,56
4251,56
4252,56
4253,56
4254,56
4255,56
4256,56
4257,56
4258,56
4259,56
4260,56
4261,56
4262,993
4263,991
4264,225
4265,225
4266,76
4266,225
4267,991
4268,222
4269,47
4270,47
4270,93
4271,992
4272,107
4273,107
4274,107
4275,225
4276,225
4277,225
4281,225
4283,991
4284,37
4284,225
4285,76
4285,225
4286,161
4287,67
4287,74
4288,67
4289,37
4290,76
4291,37
4292,74
4293,37
4293,76
4293,100
4293,102
4293,130
4293,171
4293,225
4294,995
4295,37
4296,225
4297,225
4298,21
4298,74
4299,69
4300,225
4301,225
4302,76
4303,225
4304,118
4305,118
4306,93
4307,93
4308,93
4308,110
4309,93
4310,93
4311,110
4312,110
4313,47
4314,47
4315,93
4316,76
4316,225
4317,225
4318,47
4318,93
4319,93
4319,220
4320,17
4320,991
4321,17
4321,991
4322,17
4322,991
4323,17
4323,991
4324,7
4324,991
4325,7
4325,991
4326,7
4326,991
4327,7
4327,991
4328,7
4328,991
4330,7
4330,991
4331,7
4331,991
4332,7
4332,991
4333,7
4333,991
4334,7
4334,991
4335,7
4335,991
4336,35
4336,991
4337,35
4337,991
4338,35
4338,991
4339,35
4339,991
4340,35
4340,991
4341,35
4341,991
4342,35
4342,991
4343,35
4343,991
4344,78
4344,991
4345,78
4346,78
4346,991
4347,225
4348,225
4351,23
4351,37
4351,76
4351,225
4352,118
4353,121
4353,991
4354,112
4354,991
4356,227
4356,991
4357,63
4357,991
4358,63
4358,991
4359,63
4359,991
4360,63
4360,991
4361,63
4361,991
4362,63
4362,991
4363,63
4363,991
4364,991
4365,991
4366,991
4367,991
4368,991
4368,995
4370,110
4371,225
4372,56
4374,225
4375,225
4376,225
4377,74
4378,56
4379,225
4380,74
4381,991
4382,225
4383,56
4384,56
4385,56
4386,56
4387,56
4388,56
4389,56
4390,56
4391,56
4392,56
4393,56
4394,56
4395,56
4396,56
4397,56
4398,56
4399,56
4400,56
4401,56
4402,56
4403,56
4404,56
4405,56
4406,56
4407,56
4407,76
4408,76
4409,118
4410,56
4410,76
4411,21
4411,74
4412,76
4412,87
4413,225
4413,992
4414,225
4414,992
4415,225
4415,992
4417,225
4417,992
4418,225
4418,992
4419,225
4419,992
4421,225
4421,992
4422,225
4422,992
4423,992
4424,225
4424,992
4425,37
4425,47
4425,76
4425,93
4425,100
4425,210
4425,220
4425,225
4426,76
4428,225
4429,74
4429,107
4429,995
4430,67
4432,76
4433,225
4434,78
4434,991
4435,78
4435,991
4436,78
4436,991
4437,78
4437,991
4438,78
4438,991
4439,78
4439,991
4440,78
4440,991
4442,222
4443,222
4445,222
4446,222
4447,222
4448,222
4449,222
4449,991
4450,991
4451,222
4452,222
4452,991
4453,222
4453,991
4454,222
4455,222
4455,991
4457,222
4457,991
4458,222
4458,991
4459,222
4459,991
4460,222
4460,991
4461,222
4461,991
4462,222
4462,991
4463,222
4463,991
4464,222
4464,991
4465,222
4465,991
4466,222
4466,991
4467,222
4467,991
4469,222
4469,991
4470,222
4470,991
4472,222
4472,991
4473,222
4474,37
4474,100
4474,225
4474,239
4475,35
4476,35
4477,35
4478,35
4480,225
4482,225
4484,992
4485,225
4486,222
4486,991
4487,222
4487,991
4488,185
4489,225
4490,74
4491,74
4492,225
4493,102
4494,225
4495,42
4495,225
4496,76
4497,76
4498,102
4499,992
4500,225
4501,151
4502,225
4503,110
4504,110
4505,110
4506,110
4507,102
4508,225
4509,58
4510,171
4511,225
4512,992
4513,225
4514,225
4515,997
4516,225
4517,997
4518,58
4519,107
4520,58
4521,991
4522,225
4526,225
4527,118
4529,225
4530,992
4531,225
4532,225
4533,225
4534,110
4535,110
4536,110
4537,110
4538,110
4539,110
4540,110
4541,110
4542,110
4543,110
4544,110
4545,110
4546,110
4547,110
4548,110
4549,110
4550,110
4551,110
4552,110
4553,110
4554,110
4555,67
4556,51
4557,110
4558,11
4559,225
4560,225
4563,225
4564,225
4565,233
4566,225
4567,225
4569,17
4569,991
4570,225
4571,102
4572,102
4572,225
4573,102
4573,118
4573,225
4574,225
4575,225
4576,992
4577,991
4578,991
4579,991
4580,225
4580,992
4581,225
4581,992
4582,992
4583,225
4584,225
4585,225
4586,992
4587,76
4587,225
4588,93
4589,225
4590,30
4591,14
4592,60
4593,30
4594,225
4595,102
4596,225
4597,225
4598,102
4599,102
4600,225
4601,225
4602,21
4603,105
4604,76
4605,107
4606,171
4607,76
4608,158
4609,225
4610,76
4611,69
4612,225
4613,47
4614,56
4615,225
4616,96
4617,225
4618,225
4619,69
4620,225
4621,49
4621,51
4622,102
4623,225
4624,225
4625,225
4626,37
4627,225
4628,56
4629,225
4630,225
4631,225
4632,225
4633,225
4634,225
4635,14
4635,165
4636,225
4637,225
4638,225
4639,118
4640,78
4641,37
4641,225
4642,991
4643,225
4645,55
4645,56
4645,74
4645,173
4645,191
4645,196
4646,225
4647,225
4648,110
4649,160
4650,96
4651,96
4652,225
4653,76
4654,225
4655,225
4656,56
4657,225
4658,56
4659,225
4660,76
4661,160
4661,225
4662,54
4662,107
4663,74
4664,225
4665,225
4666,217
4667,37
4668,225
4669,160
4670,67
4671,130
4672,993
4673,225
4674,76
4675,76
4676,56
4677,47
4678,225
4679,14
4680,161
4680,191
4681,7
4683,160
4683,225
4684,160
4684,225
4685,160
4685,225
4686,160
4686,225
4688,225
4689,225
4690,56
4691,69
4692,110
4693,225
4694,225
4695,101
4696,225
4697,225
4698,171
4699,225
4700,56
4701,76
4702,102
4703,225
4704,102
4705,102
4706,74
4707,225
4708,76
4709,996
4710,225
4712,13
4713,225
4714,67
4715,225
4716,37
4717,47
4718,37
4719,225
4720,225
4721,225
4722,225
4723,30
4724,47
4725,14
4726,225
4727,992
4728,56
4730,225
4731,191
4732,225
4733,225
4734,225
4735,225
4736,74
4736,107
4737,225
4738,225
4739,93
4740,67
4741,225
4742,992
4743,991
4744,225
4745,14
4746,76
4747,76
4748,225
4749,74
4750,56
4751,217
4752,76
4753,225
4754,225
4755,225
4756,172
4757,171
4757,225
4758,76
4759,225
4760,991
4761,225
4762,102
4763,225
4764,126
4765,76
4766,102
4767,225
4768,171
4769,225
4770,69
4771,76
4772,225
4773,225
4774,76
4775,76
4776,76
4777,37
4777,225
4778,996
4779,996
4780,996
4782,151
4783,225
4784,14
4785,225
4786,13
4786,56
4787,76
4787,225
4788,225
4789,14
4790,76
4791,225
4792,225
4793,18
4794,225
4795,225
4796,225
4797,225
4798,993
4800,56
4800,165
4800,225
4801,225
4802,225
4803,37
4803,225
4804,225
4805,225
4806,225
4807,158
4808,47
4809,47
4811,14
4812,58
4813,110
4813,225
4814,93
4815,74
4816,225
4817,225
4818,93
4819,47
4820,107
4821,47
4821,225
4822,160
4823,37
4824,47
4825,118
4825,192
4825,225
4825,992
4826,47
4826,225
4827,991
4828,76
4830,225
4831,992
4832,225
4833,74
4834,165
4835,165
4836,76
4837,991
4838,76
4839,992
4840,991
4841,225
4842,225
4843,992
4844,996
4845,996
4846,996
4847,996
4848,996
4849,996
4850,996
4851,996
4852,996
4853,56
4854,993
4854,995
4855,225
4856,42
4856,56
4857,996
4858,996
4859,996
4860,996
4861,996
4862,996
4863,996
4864,996
4865,996
4866,56
4867,56
4868,995
4869,56
4870,11
4871,225
4872,13
4873,222
4875,225
4876,110
4877,225
4878,225
4879,225
4880,30
4881,171
4882,225
4883,176
4884,76
4885,225
4886,76
4887,37
4888,87
4889,225
4890,118
4891,225
4892,76
4893,96
4894,225
4895,151
4896,76
4897,225
4898,225
4900,76
4901,37
4902,67
4903,160
4904,225
4905,225
4906,85
4907,225
4908,76
4909,225
4910,74
4911,110
4912,76
4913,225
4914,225
4915,37
4915,56
4915,76
4916,225
4917,225
4918,991
4919,225
4920,76
4921,225
4922,76
4923,225
4924,37
4925,37
4926,225
4927,992
4928,225
4929,225
4930,76
4931,225
4932,51
4933,225
4934,74
4935,76
4936,225
4937,30
4938,56
4939,76
4940,2
4940,225
4941,225
4942,37
4942,225
4943,225
4944,35
4945,76
4946,171
4947,56
4948,225
4949,225
4950,93
4951,47
4951,225
4952,47
4953,225
4954,107
4955,225
4957,76
4959,225
4960,225
4961,225
4962,47
4962,225
4963,225
4964,76
4965,220
4966,56
4966,76
4967,225
4968,74
4969,225
4970,995
4971,160
4972,110
4973,225
4974,225
4975,98
4976,13
4976,42
4977,225
4978,87
4979,225
4980,69
4981,56
4983,37
4984,74
4985,47
4986,47
4987,87
4988,76
4989,110
4990,210
4991,225
4992,239
4993,173
4994,160
4995,225
4996,225
4997,76
4998,14
4999,225
5000,225
5001,107
5003,76
5004,56
5005,129
5006,225
5007,225
5008,138
5009,14
5010,225
5011,995
5012,225
5013,56
5014,225
5015,225
5016,225
5018,14
5019,42
5019,56
5019,130
5020,995
5021,56
5022,37
5023,225
5024,37
5025,74
5026,74
5027,225
5028,225
5029,56
5030,13
5031,67
5032,225
5033,225
5034,225
5035,225
5036,225
5037,225
5038,191
5039,69
5040,993
5041,991
5043,991
5044,991
5045,991
5046,991
5048,993
5049,991
5050,225
5051,58
5052,993
5053,171
5054,56
5055,225
5056,225
5058,225
5059,56
5060,37
5061,991
5062,58
5063,225
5064,996
5065,56
5065,69
5066,118
5069,56
5071,225
5072,225
5073,56
5074,74
5075,225
5076,110
5077,76
5078,225
5079,76
5080,1000
5081,1000
5082,56
5083,30
5084,110
5085,11
5086,191
5088,225
5089,67
5090,225
5091,37
5092,37
5092,151
5092,225
5093,151
5094,225
5096,225
5097,56
5098,110
5099,992
5100,991
5100,993
5101,225
5102,225
5103,225
5104,225
5105,225
5106,160
5107,991
5108,991
5109,74
5110,225
5111,21
5111,74
5112,993
5113,107
5114,29
5115,991
5116,74
5118,30
5119,991
5120,14
5121,225
5122,67
5123,76
5123,106
5124,110
5125,96
5126,225
5127,225
5128,225
5129,74
5130,76
5131,42
5131,56
5131,74
5131,107
5132,110
5133,67
5134,993
5135,30
5136,171
5137,58
5138,42
5138,74
5139,178
5140,225
5141,152
5142,152
5143,176
5144,225
5145,225
5146,56
5147,992
5148,110
5149,992
5150,110
5151,56
5152,129
5153,993
5154,74
5155,993
5156,225
5157,56
5158,995
5159,14
5159,225
5160,225
5161,225
5162,225
5165,56
5166,225
5167,110
5168,55
5168,56
5169,30
5170,56
5171,21
5171,74
5173,995
5174,225
5176,225
5177,225
5181,173
5182,220
5183,55
5184,995
5185,110
5186,995
5187,13
5187,56
5188,76
5189,225
5190,56
5191,210
5192,995
5193,225
5194,225
5195,995
5196,13
5197,995
5198,74
5199,13
5199,995
5200,56
5201,56
5201,74
5202,13
5203,995
5204,76
5205,56
5206,110
5207,110
5207,225
5208,37
5208,225
5209,76
5209,225
5210,37
5210,225
5211,55
5212,76
5213,74
5213,76
5213,107
5214,131
5215,63
5215,991
5216,992
5217,63
5217,992
5218,991
5219,991
5220,991
5221,991
5222,991
5223,991
5224,991
5225,992
5226,23
5226,56
5226,63
5227,222
5228,992
5229,991
5230,74
5231,185
5232,992
5233,991
5234,992
5235,991
5236,74
5236,183
5236,991
5237,183
5238,183
5239,183
5240,991
5241,204
5241,991
5242,105
5243,74
5243,178
5244,102
5245,74
5245,76
5246,225
5247,56
5247,74
5247,161
5247,191
5248,192
5249,192
5250,225
5251,217
5252,30
5253,220
5254,102
5255,225
5256,225
5257,67
5258,992
5259,225
5260,225
5261,991
5262,47
5263,47
5264,42
5264,56
5264,74
5264,178
5265,42
5265,56
5265,74
5265,178
5266,42
5266,56
5266,74
5266,178
5267,102
5268,64
5269,996
5270,56
5271,74
5272,992
5273,992
5274,997
5275,152
5275,192
5276,93
5277,220
5278,47
5278,225
5279,47
5280,1001
5281,118
5282,110
5283,110
5284,225
5285,110
5286,110
5287,225
5288,110
5289,110
5290,110
5291,110
5292,110
5292,220
5293,110
5294,220
5295,220
5296,233
5297,991
5298,225
5299,76
5299,225
5300,991
5301,58
5302,58
5303,56
5304,225
5305,56
5306,995
5307,93
5308,225
5309,107
5310,47
5311,110
5312,107
5313,74
5314,225
5315,217
5316,225
5317,225
5318,225
5319,225
5320,225
5321,225
5322,225
5323,225
5324,225
5325,225
5326,225
5327,225
5328,225
5329,225
5330,225
5331,225
5332,225
5333,225
5334,225
5335,225
5336,225
5337,225
5338,225
5339,225
5340,225
5341,225
5342,225
5344,225
5345,225
5346,991
5347,129
5348,183
5349,110
5350,110
5351,76
5352,992
5353,47
5354,56
5355,993
5356,58
5356,191
5357,13
5357,74
5357,107
5357,993
5357,995
5358,110
5359,93
5360,93
5361,225
5362,220
5363,93
5364,67
5364,225
5365,64
5366,56
5367,76
5368,64
5369,217
5370,107
5371,76
5372,225
5373,76
5374,102
5376,225
5377,58
5378,225
5379,225
5380,76
5381,225
5382,225
5383,225
5384,993
5385,993
5386,183
5387,107
5388,225
5389,37
5390,225
5391,225
5392,107
5393,996
5394,123
5395,107
5396,225
5397,225
5398,76
5399,74
5400,107
5401,107
5402,225
5403,76
5404,30
5405,225
5406,11
5407,11
5407,67
5408,991
5409,992
5410,107
5411,225
5412,23
5412,225
5413,225
5414,225
5415,225
5416,21
5416,47
5416,58
5416,76
5416,191
5416,225
5417,225
5418,37
5418,225
5419,47
5420,102
5421,110
5422,56
5422,225
5423,56
5423,225
5424,13
5424,56
5425,56
5426,58
5427,55
5427,58
5427,196
5428,225
5429,47
5429,225
5430,76
5431,225
5432,37
5433,37
5434,14
5435,225
5436,102
5437,225
5438,67
5438,107
5439,225
5440,56
5443,47
5444,74
5445,225
5446,225
5447,225
5448,30
5449,225
5450,102
5451,58
5452,76
5453,107
5454,107
5455,76
5456,74
5457,225
5458,995
5459,107
5460,225
5461,47
5462,47
5463,47
5465,105
5466,991
5467,225
5468,102
5469,225
5470,102
5471,225
5472,102
5473,991
5474,102
5476,102
5477,225
5478,997
5479,99
5480,102
5481,102
5482,107
5483,20
5484,102
5485,152
5486,107
5487,102
5488,11
5489,74
5489,107
5490,67
5491,102
5492,20
5492,172
5493,107
5494,217
5495,102
5496,172
5497,47
5498,102
5499,102
5500,102
5501,98
5502,56
5503,220
5504,47
5505,225
5506,225
5507,225
5508,225
5510,74
5511,225
5512,102
5513,64
5514,64
5515,217
5516,225
5517,47
5518,47
5519,225
5519,239
5520,225
5521,37
5522,225
5523,58
5524,225
5524,993
5525,69
5526,183
5527,225
5528,76
5529,37
5530,225
5531,118
5532,225
5533,225
5534,47
5534,225
5535,14
5536,67
5537,225
5538,76
5539,225
5540,37
5540,47
5540,220
5541,74
5542,225
5543,76
5544,76
5545,225
5546,76
5547,118
5549,160
5551,56
5551,76
5551,107
5552,225
5553,225
5554,110
5555,14
5556,176
5557,76
5558,37
5559,225
5560,225
5561,104
5562,55
5563,118
5564,225
5565,225
5566,74
5567,225
5568,74
5569,30
5570,225
5571,225
5572,991
5573,76
5574,37
5575,225
5576,76
5577,74
5578,37
5579,76
5580,37
5581,225
5582,30
5582,225
5583,225
5584,991
5585,76
5586,37
5587,225
5588,56
5588,76
5588,110
5589,21
5589,56
5589,76
5589,107
5590,991
5591,58
5591,993
5592,67
5592,74
5592,173
5593,76
5594,225
5595,74
5596,225
5598,160
5599,30
5600,69
5601,21
5601,39
5601,74
5602,107
5603,74
5604,87
5605,74
5606,225
5607,35
5608,76
5609,55
5610,151
5611,996
5613,993
5614,991
5615,87
5616,225
5617,993
5618,225
5619,76
5620,58
5621,160
5622,76
5623,110
5624,993
5625,995
5626,13
5627,58
5628,191
5629,58
5630,107
5631,58
5632,74
5633,58
5634,191
5635,58
5636,58
5637,58
5638,56
5639,225
5640,56
5641,225
5642,191
5643,76
5644,56
5645,58
5646,55
5647,67
5648,100
5650,225
5651,225
5652,67
5653,67
5654,56
5655,196
5656,991
5657,58
5658,991
5659,87
5660,991
5661,74
5662,991
5663,11
5664,67
5665,74
5666,98
5667,76
5668,110
5669,225
5671,76
5672,225
5673,76
5673,225
5674,11
5675,76
5676,225
5677,21
5678,225
5679,47
5680,151
5681,225
5682,225
5683,225
5684,192
5685,239
5686,992
5687,14
5688,225
5689,225
5690,225
5691,225
5692,225
5693,74
5694,14
5695,225
5696,107
5697,13
5698,225
5699,107
5701,47
5702,225
5703,225
5704,225
5705,76
5706,225
5707,225
5708,225
5709,225
5710,102
5711,225
5712,47
5713,56
5714,110
5715,225
5716,13
5717,225
5718,67
5719,102
5720,225
5721,995
5722,14
5723,67
5724,183
5725,225
5726,100
5727,74
5727,102
5728,225
5729,67
5730,67
5731,225
5732,76
5733,76
5734,13
5735,160
5736,76
5737,225
5738,225
5739,76
5740,225
5741,225
5742,74
5742,995
5743,107
5744,118
5745,58
5746,107
5747,56
5748,76
5748,225
5749,225
5750,222
5751,225
5752,225
5753,100
5754,225
5755,110
5756,225
5757,225
5758,991
5759,74
5760,37
5761,996
5762,76
5763,991
5764,993
5765,225
5766,76
5767,110
5768,225
5769,225
5770,225
5771,225
5772,225
5773,42
5774,225
5775,225
5776,233
5777,233
5778,233
5779,233
5780,225
5781,74
5782,233
5783,233
5784,233
5785,233
5786,233
5787,233
5788,233
5789,233
5790,233
5791,233
5792,233
5793,233
5794,233
5795,233
5796,233
5798,225
5799,37
5799,47
5799,225
5800,131
5801,131
5802,131
5803,21
5804,225
5805,225
5806,225
5807,225
5808,63
5808,131
5809,63
5809,131
5810,225
5811,1001
5812,118
5813,1002
5814,225
5815,165
5815,225
5816,11
5816,48
5816,225
5817,225
5818,225
5819,225
5821,225
5822,239
5823,76
5824,225
5825,225
5826,110
5827,110
5828,110
5829,225
5830,76
5830,225
5831,102
5831,225
5832,225
5833,47
5834,992
5835,93
5836,93
5836,220
5837,47
5838,93
5839,225
5840,67
5841,225
5842,107
5842,225
5843,107
5844,107
5845,118
5845,225
5846,58
5847,58
5848,58
5849,58
5850,58
5851,58
5852,58
5853,58
5854,58
5855,58
5856,58
5857,58
5858,58
5859,58
5860,58
5861,58
5862,58
5863,58
5864,58
5865,110
5866,110
5867,102
5868,225
5869,67
5869,74
5870,67
5871,67
5871,113
5872,67
5873,113
5874,210
5875,113
5875,225
5876,14
5876,99
5877,93
5877,220
5878,113
5879,210
5880,210
5881,210
5882,210
5883,210
5884,210
5885,210
5886,55
5887,55
5888,47
5889,225
5890,991
5891,225
5892,225
5893,56
5894,74
5894,107
5895,67
5895,110
5896,74
5896,215
5897,74
5898,74
5899,76
5900,76
5900,225
5901,37
5901,225
5902,37
5902,225
5903,110
5904,225
5904,992
5905,47
5905,225
5906,74
5906,76
5906,100
5906,130
5907,21
5907,74
5908,991
5909,76
5910,47
5911,67
5911,76
5911,160
5912,14
5912,74
5912,76
5912,100
5913,74
5913,76
5913,225
5914,74
5915,30
5915,45
5916,225
5917,225
5918,225
5919,225
5920,225
5921,225
5922,225
5923,225
5924,225
5925,110
5925,225
5926,110
5927,110
5928,56
5929,37
5929,225
5930,991
5931,106
5931,173
5931,191
5932,225
5933,37
5933,47
5933,225
5934,14
5934,37
5934,47
5934,225
5935,225
5936,992
5937,76
5938,992
5939,225
5939,993
5940,102
5941,55
5942,13
5942,87
5942,98
5942,102
5942,165
5942,173
5942,217
5942,225
5943,225
5944,14
5945,113
5946,42
5947,151
5948,992
5949,102
5950,102
5951,102
5952,110
5953,110
5954,110
5955,110
5956,110
5957,110
5958,110
5959,110
5960,110
5961,110
5962,110
5963,110
5964,220
5965,110
5966,110
5967,110
5968,110
5969,110
5970,110
5971,225
5972,110
5973,110
5974,110
5975,110
5976,110
5977,110
5978,110
5979,992
5980,225
5981,225
5982,55
5983,55
5984,74
5985,191
5986,74
5987,47
5988,37
5988,74
5989,110
5990,168
5991,37
5992,225
5993,225
5994,225
5995,991
5996,225
5997,110
5998,110
5999,110
6000,110
6001,110
6002,110
6003,87
6004,110
6005,76
6006,110
6007,110
6008,110
6009,110
6010,110
6011,110
6012,110
6013,110
6014,110
6015,225
6016,110
6017,110
6018,110
6019,110
6020,21
6020,42
6020,74
6021,110
6022,110
6023,55
6023,110
6024,110
6025,110
6026,110
6027,110
6028,76
6029,110
6030,110
6031,74
6032,110
6033,110
6034,995
6035,23
6036,13
6036,98
6037,76
6038,13
6039,56
6040,76
6041,56
6042,56
6043,225
6044,110
6045,225
6046,110
6047,74
6047,76
6048,56
6049,110
6050,47
6051,225
6052,74
6053,991
6054,37
6055,991
6056,56
6057,56
6058,225
6059,225
6060,222
6061,225
6062,76
6063,76
6064,225
6065,225
6066,225
6067,110
6068,992
6069,74
6070,992
6071,225
6073,225
6074,37
6075,76
6075,239
6076,210
6077,225
6078,225
6079,225
6080,76
6081,225
6082,47
6082,225
6083,47
6084,225
6085,225
6086,225
6087,225
6088,225
6089,225
6090,37
6091,37
6092,37
6093,161
6094,37
6095,37
6096,101
6097,37
6098,37
6099,37
6099,76
6100,74
6101,225
6102,37
6102,225
6103,225
6104,225
6105,225
6106,225
6107,225
6108,47
6109,225
6110,225
6111,64
6112,225
6113,992
6114,992
6115,110
6116,76
6116,100
6117,47
6118,30
6119,30
6120,225
6121,37
6121,225
6122,225
6123,225
6124,225
6125,225
6126,225
6127,110
6128,225
6129,47
6130,110
6131,991
6132,991
6133,225
6134,991
6135,991
6136,991
6137,76
6137,225
6138,222
6138,992
6139,47
6140,30
6141,992
6142,992
6143,992
6144,110
6145,47
6145,113
6146,47
6147,225
6148,225
6149,74
6150,76
6151,76
6152,225
6153,74
6154,67
6154,225
6155,225
6156,183
6156,225
6157,225
6158,151
6159,996
6160,74
6161,225
6162,225
6163,225
6164,74
6165,183
6166,225
6167,225
6168,98
6169,151
6170,56
6171,14
6172,110
6173,76
6173,100
6173,225
6174,69
6175,225
6176,191
6177,21
6177,67
6177,76
6178,992
6179,991
6180,222
6180,991
6181,992
6182,992
6183,992
6184,21
6184,74
6185,76
6185,225
6186,76
6186,225
6187,225
6187,992
6188,225
6189,14
6189,76
6189,184
6190,225
6191,14
6191,225
6192,225
6193,74
6193,151
6193,225
6194,225
6195,225
6196,45
6196,56
6197,110
6197,225
6198,225
6199,56
6199,225
6200,110
6201,74
6202,76
6202,225
6203,110
6203,225
6204,102
6205,102
6206,102
6207,102
6208,102
6209,102
6210,102
6211,102
6212,102
6213,102
6214,102
6215,102
6216,102
6217,102
6218,102
6219,102
6220,102
6221,102
6222,93
6223,995
6224,110
6225,991
6226,225
6227,225
6228,991
6229,991
6230,225
6231,993
6232,225
6233,225
6234,102
6235,102
6236,102
6237,102
6238,102
6239,102
6240,151
6241,74
6242,225
6243,110
6244,58
6245,225
6246,992
6247,225
6248,225
6249,225
6250,171
6251,173
6252,992
6253,102
6254,225
6255,102
6256,102
6257,102
6258,217
6259,93
6260,47
6261,47
6262,93
6263,225
6264,47
6264,93
6265,47
6266,118
6267,118
6269,225
6270,102
6270,991
6271,102
6272,992
6273,69
6273,74
6274,69
6274,173
6275,110
6275,225
6276,225
6277,152
6277,192
6278,47
6278,225
6279,225
6280,183
6280,225
6281,76
6281,183
6282,151
6282,225
6283,225
6284,110
6284,225
6285,110
6286,110
6287,110
6288,110
6289,110
6290,47
6290,74
6290,110
6290,118
6290,225
6291,102
6292,102
6293,151
6293,225
6294,102
6295,102
6296,102
6297,991
6298,110
6298,225
6299,225
6300,102
6301,225
6302,76
6303,225
6304,63
6304,67
6304,225
6304,992
6305,225
6306,47
6307,225
6308,225
6309,992
6310,992
6311,992
6312,47
6312,93
6312,225
6313,110
6314,110
6315,110
6316,110
6317,102
6318,102
6319,995
6320,13
6320,56
6321,995
6322,47
6323,93
6324,47
6325,47
6326,47
6327,991
6328,225
6329,152
6330,152
6331,37
6332,991
6333,991
6334,171
6335,171
6336,171
6337,171
6338,171
6339,171
6340,171
6341,171
6342,171
6343,171
6344,171
6345,171
6346,171
6346,225
6347,69
6347,191
6348,991
6349,102
6350,225
6351,67
6351,225
6352,37
6352,225
6353,110
6353,225
6354,76
6355,21
6355,74
6355,110
6356,225
6357,93
6358,225
6359,56
6360,171
6360,192
6360,220
6361,76
6362,107
6363,183
6367,225
6368,225
6369,991
6370,991
6371,991
6372,991
6373,225
6374,225
6375,107
6375,225
6376,55
6376,56
6377,102
6378,225
6379,991
6380,992
6381,992
6382,991
6383,991
6384,991
6385,99
6386,56
6386,76
6386,225
6387,106
6388,106
6389,225
6390,74
6391,93
6392,76
6393,76
6394,171
6395,992
6396,995
6397,225
6398,204
6398,991
6399,991
6400,107
6401,55
6401,222
6401,992
6402,47
6402,225
6402,992
6403,992
6404,171
6405,171
6406,171
6407,171
6412,100
6412,107
6413,99
6413,118
6413,225
6414,210
6415,110
6416,210
6417,210
6418,152
6419,991
6420,992
6421,992
6422,47
6423,151
6424,225
6425,98
6426,93
6426,220
6427,93
6428,47
6429,47
6430,93
6431,110
6431,225
6432,76
6433,225
6434,76
6435,76
6436,151
6437,162
6438,225
6439,76
6440,37
6440,225
6441,110
6441,225
6443,110
6444,225
6445,76
6446,217
6447,56
6447,130
6448,225
6449,225
6450,225
6451,14
6452,55
6453,55
6453,98
6453,196
6454,160
6455,58
6456,74
6457,55
6457,196
6458,74
6459,183
6460,55
6461,225
6462,991
6463,225
6464,55
6465,30
6466,55
6467,56
6467,992
6468,225
6469,225
6470,225
6471,991
6472,55
6472,196
6473,56
6474,991
6475,69
6476,225
6477,225
6478,93
6478,220
6479,161
6480,991
6481,183
6482,37
6483,99
6484,991
6485,993
6486,42
6487,76
6488,225
6489,225
6490,225
6491,225
6492,222
6493,225
6494,225
6495,991
6496,225
6497,991
6498,225
6499,14
6500,225
6501,225
6502,151
6503,225
6504,225
6505,225
6506,69
6506,191
6507,76
6508,995
6509,225
6510,37
6511,87
6512,225
6513,67
6513,225
6514,222
6515,76
6516,183
6517,56
6518,225
6519,76
6520,227
6521,225
6522,991
6523,56
6523,76
6524,42
6525,69
6526,993
6527,70
6528,225
6529,992
6530,161
6531,225
6532,14
6532,225
6533,76
6534,225
6535,74
6536,74
6537,151
6538,991
6539,74
6540,76
6541,225
6542,991
6543,225
6544,56
6545,225
6546,991
6547,110
6548,183
6549,100
6550,225
6551,225
6552,30
6553,30
6554,30
6555,76
6556,106
6557,56
6558,76
6559,151
6560,76
6561,56
6562,993
6563,107
6563,993
6564,13
6565,993
6566,993
6567,993
6568,993
6569,21
6570,74
6571,993
6572,69
6573,176
6574,225
6575,993
6576,183
6577,225
6578,991
6579,991
6580,991
6581,991
6582,993
6583,76
6584,225
6584,993
6585,225
6586,225
6587,225
6588,991
6589,991
6590,56
6591,993
6592,993
6593,993
6594,993
6595,993
6596,55
6597,993
6598,993
6599,993
6600,76
6600,173
6600,225
6601,14
6602,55
6603,58
6604,993
6605,993
6606,991
6607,991
6608,991
6609,991
6610,992
6611,991
6612,991
6613,991
6614,992
6615,991
6616,37
6616,225
6617,225
6618,67
6618,225
6619,23
6619,74
6619,87
6620,993
6621,993
6622,993
6623,993
6624,993
6625,993
6626,993
6627,993
6628,225
6629,225
6630,225
6631,225
6632,225
6633,992
6634,991
