FilmID,LanguageID
35,51
36,35
37,94
38,51
39,51
40,51
47,51
49,51
50,35
53,35
54,26
55,51
56,35
57,94
58,94
59,51
60,94
61,56
62,94
63,94
64,94
65,64
66,56
67,51
68,94
69,26
70,51
71,51
72,94
73,51
74,51
76,51
77,51
78,51
80,51
81,51
82,51
83,51
84,94
85,94
86,26
87,56
88,56
89,26
90,94
91,51
92,94
93,51
94,51
95,51
96,51
97,51
98,51
100,51
101,51
102,51
103,51
104,51
105,51
106,51
107,51
108,51
109,51
110,51
111,51
112,51
113,51
114,51
115,51
116,28
117,51
119,51
120,51
121,34
123,51
124,26
126,51
127,51
128,51
129,51
130,29
130,51
131,29
131,51
132,29
132,51
133,29
133,51
134,29
134,51
135,29
135,51
136,29
136,51
137,29
137,51
138,29
138,51
139,29
139,51
140,29
140,51
141,29
141,51
142,29
142,51
143,29
143,51
144,35
145,94
149,51
150,35
151,51
153,137
155,137
156,137
157,137
158,137
159,137
160,137
162,51
163,56
164,56
165,6
165,35
166,51
167,56
168,27
168,112
169,51
169,56
170,56
171,51
172,51
173,35
176,137
178,51
179,51
180,51
181,51
182,51
183,51
184,51
185,51
186,51
187,137
188,25
189,51
190,51
191,51
192,51
193,51
194,51
195,51
196,51
197,51
198,51
199,51
200,51
201,51
202,51
203,51
204,27
204,51
205,51
206,35
206,51
207,137
208,137
209,51
210,137
211,51
212,51
213,51
214,51
215,51
216,51
217,51
218,51
218,56
219,35
221,51
222,51
223,51
223,138
224,51
225,51
226,51
227,64
229,35
230,26
231,56
232,6
233,40
233,88
234,51
235,51
236,51
237,51
238,51
239,51
240,51
241,51
242,51
243,51
244,40
245,56
246,51
247,51
248,64
249,28
250,51
252,23
252,139
253,35
254,35
256,51
257,51
258,51
258,56
259,51
260,51
261,51
262,51
263,94
264,26
265,51
265,56
266,82
267,51
268,109
269,35
269,51
269,93
270,35
270,47
270,51
271,35
272,51
273,56
274,51
275,40
275,51
276,51
277,51
278,51
279,51
279,55
280,51
281,51
282,51
283,51
284,40
284,51
285,88
286,51
287,51
289,6
289,35
289,40
289,51
289,109
290,64
291,35
291,51
292,51
293,51
294,51
295,137
296,51
297,51
298,51
299,51
300,51
301,51
302,51
303,51
304,51
304,88
305,51
306,51
307,51
309,51
310,51
311,74
312,51
313,137
314,51
315,94
316,35
318,51
319,51
320,51
321,55
322,51
323,137
324,40
325,51
326,40
327,51
328,40
329,40
330,137
331,6
332,35
333,51
334,51
335,55
336,35
337,55
338,55
339,51
340,137
341,137
342,137
343,137
345,51
346,109
347,6
348,51
349,51
350,56
351,51
352,55
356,40
357,51
358,35
358,51
359,35
360,51
361,35
362,35
363,51
364,51
365,40
366,51
367,51
368,40
369,137
370,51
371,51
372,51
373,137
374,6
375,35
377,6
378,6
378,23
378,127
378,140
379,6
380,51
381,35
383,6
385,35
386,51
387,109
388,94
389,51
390,47
391,51
392,51
393,47
395,6
395,51
396,55
397,6
397,51
398,51
399,51
400,137
401,51
402,55
403,51
404,40
405,51
406,51
407,6
408,55
409,109
410,51
411,51
412,51
413,137
414,137
415,137
416,137
417,51
418,6
419,55
420,51
421,6
422,6
423,35
423,137
426,137
427,35
428,51
429,40
430,51
431,137
432,51
432,89
433,137
434,137
435,137
436,137
437,137
438,137
439,137
440,51
442,51
443,51
444,51
445,51
446,51
447,94
448,40
449,94
450,26
451,51
452,51
453,51
454,51
455,51
456,51
457,51
458,51
459,51
460,51
461,51
462,51
462,67
462,93
463,51
464,51
465,49
465,51
466,51
467,51
469,137
470,137
471,137
472,137
473,51
474,35
475,51
476,35
476,51
477,51
478,51
479,34
480,51
481,51
482,51
483,51
484,40
485,109
486,51
487,51
488,109
489,51
491,40
492,55
495,51
496,137
497,35
498,51
500,137
501,137
502,137
503,137
504,137
505,137
506,137
508,137
509,137
510,137
511,137
512,137
513,137
514,137
515,137
516,137
517,137
518,137
519,137
520,137
521,137
522,137
523,137
524,137
525,35
526,35
528,51
529,51
530,51
531,51
532,51
533,51
534,51
535,137
536,51
537,137
538,137
539,137
540,137
541,137
542,51
542,137
543,46
544,51
545,51
546,51
547,137
548,137
549,137
550,137
551,137
552,137
553,137
554,137
555,137
556,137
557,40
558,137
559,137
561,137
562,137
563,51
564,137
565,137
566,51
567,137
568,40
569,137
570,137
571,40
572,51
572,137
573,137
574,51
576,137
577,51
577,55
578,51
579,35
580,51
581,51
582,35
582,51
583,51
584,55
585,51
586,40
587,51
588,23
588,140
589,40
590,51
591,35
591,106
592,51
593,51
594,51
595,51
597,137
598,28
601,137
602,137
603,137
604,137
605,137
606,137
607,137
608,137
609,51
610,51
611,51
612,55
613,51
614,35
615,51
616,51
617,51
618,51
619,51
620,94
622,94
623,55
624,94
625,40
626,94
627,51
628,40
629,40
630,94
631,94
632,94
633,51
634,55
635,51
636,51
637,94
638,51
639,94
640,94
641,94
642,94
643,94
644,94
645,51
646,51
647,51
648,51
649,51
650,51
651,51
652,51
653,123
654,51
655,51
656,89
657,109
658,55
659,51
660,94
661,51
662,55
663,51
664,51
665,40
666,51
667,51
668,51
669,94
670,51
671,51
672,51
674,51
675,51
676,51
677,51
677,109
678,51
679,51
680,51
682,51
683,26
683,40
684,51
685,51
686,51
687,51
688,51
690,94
691,51
692,51
693,51
694,26
694,40
694,106
695,51
697,51
698,46
699,51
700,55
701,51
703,89
704,56
705,55
706,55
707,51
708,23
708,139
709,51
710,51
711,51
712,51
712,109
713,51
714,51
715,40
716,51
717,51
718,51
719,51
720,51
721,51
722,68
722,94
724,51
725,51
726,51
727,51
728,51
730,51
731,73
732,51
733,51
734,51
735,51
736,28
736,51
737,51
738,35
739,51
740,51
741,51
742,51
743,35
743,94
744,35
745,51
746,56
747,51
749,51
750,51
751,51
752,51
753,137
754,137
755,51
757,51
758,51
759,51
761,51
762,51
763,51
764,51
765,51
766,51
767,51
769,26
770,51
770,55
770,109
771,51
772,137
773,51
774,137
775,137
776,55
777,89
777,109
778,40
779,51
780,51
781,51
782,51
783,51
784,51
785,51
786,51
787,51
788,35
788,51
789,51
790,41
791,35
791,137
792,35
792,137
793,35
794,51
795,51
796,51
797,51
798,109
799,51
800,109
801,51
802,51
803,51
804,51
805,35
806,51
807,51
808,51
809,51
810,35
811,51
811,137
812,51
812,137
813,51
813,137
814,51
814,137
815,51
816,51
817,51
818,51
819,94
820,51
821,51
822,51
823,51
824,51
824,56
825,51
826,51
827,51
828,35
828,51
829,51
830,51
831,51
832,51
833,51
833,109
834,35
834,51
834,89
835,51
836,51
837,35
837,51
837,109
838,51
839,51
840,55
841,51
842,51
843,51
844,51
845,51
846,51
847,51
848,51
848,142
849,51
849,76
849,143
850,51
851,27
851,40
851,51
852,35
852,40
852,51
853,51
854,35
855,51
856,137
857,51
858,94
859,18
861,51
862,51
863,40
863,51
863,55
864,51
865,35
865,51
866,129
867,51
868,51
869,51
870,51
871,51
871,55
872,51
873,51
874,51
875,51
876,51
877,51
878,51
879,51
880,51
881,40
881,51
882,51
882,109
884,51
885,51
886,40
887,51
888,51
888,109
889,51
890,137
891,51
892,51
893,51
894,51
895,51
896,51
897,51
898,51
899,137
900,137
901,137
902,51
903,51
904,51
905,40
906,40
907,51
908,51
909,51
910,51
911,51
912,51
913,51
914,40
914,51
916,40
917,51
921,51
922,51
923,51
924,51
925,51
926,40
927,51
928,51
929,35
931,40
931,51
933,137
934,137
935,137
936,137
937,137
938,137
939,137
940,137
942,51
943,51
944,51
945,51
946,51
947,51
948,51
949,51
950,56
951,51
952,56
954,51
955,51
956,51
957,51
958,51
959,35
960,51
961,51
962,51
963,51
964,51
965,35
965,51
966,51
967,51
968,40
969,51
970,137
971,51
972,51
973,137
974,51
975,51
976,51
977,51
978,51
979,51
980,51
981,51
982,51
983,109
984,51
985,40
985,51
988,51
989,40
990,35
991,35
992,40
993,26
993,40
994,27
995,51
996,137
997,51
998,51
999,51
1000,51
1001,51
1002,40
1003,51
1004,129
1005,35
1005,137
1006,35
1006,51
1007,51
1008,51
1009,51
1010,51
1011,51
1011,137
1012,51
1012,137
1013,137
1014,137
1015,137
1016,137
1017,137
1018,137
1019,35
1019,51
1020,51
1021,35
1021,51
1021,89
1022,51
1023,55
1024,51
1024,55
1025,51
1026,51
1027,51
1028,51
1030,64
1031,51
1031,55
1033,51
1034,56
1035,51
1035,112
1036,51
1037,51
1038,35
1038,51
1039,51
1039,137
1040,51
1041,51
1042,51
1043,51
1044,51
1045,51
1046,51
1047,51
1048,51
1049,51
1050,51
1051,51
1052,51
1053,51
1054,51
1055,51
1056,51
1057,51
1058,51
1059,51
1060,51
1061,26
1062,51
1063,51
1064,51
1065,51
1066,51
1067,51
1068,51
1069,51
1070,51
1071,51
1072,23
1072,140
1073,35
1074,35
1074,51
1075,51
1076,35
1077,26
1078,51
1079,51
1080,51
1081,51
1082,51
1083,51
1084,51
1085,137
1086,94
1087,51
1087,56
1088,26
1089,18
1089,94
1090,35
1091,51
1093,51
1094,51
1095,51
1096,26
1097,51
1098,51
1099,94
1100,51
1101,40
1102,51
1103,51
1104,35
1104,51
1104,94
1105,51
1106,51
1107,51
1108,94
1109,51
1110,51
1111,51
1112,27
1115,94
1117,51
1118,94
1119,51
1120,27
1120,35
1120,40
1120,51
1122,51
1123,26
1124,26
1125,26
1126,26
1127,26
1128,26
1129,26
1130,26
1131,26
1132,26
1133,26
1134,26
1135,40
1135,106
1136,55
1136,106
1137,106
1138,40
1138,106
1139,106
1140,40
1141,55
1141,106
1142,26
1143,26
1144,40
1145,26
1146,40
1147,40
1148,40
1149,106
1150,51
1151,51
1152,51
1153,51
1154,51
1155,51
1156,51
1157,51
1158,51
1159,51
1160,51
1161,51
1162,40
1163,40
1164,40
1165,40
1166,40
1167,40
1168,40
1169,40
1170,40
1171,40
1171,79
1172,40
1173,40
1174,40
1175,40
1176,51
1177,40
1178,40
1179,51
1180,40
1181,40
1182,51
1183,40
1184,40
1185,55
1186,40
1187,40
1188,55
1189,40
1190,40
1191,40
1192,40
1193,40
1194,40
1195,40
1196,94
1197,51
1198,40
1198,56
1199,51
1200,51
1202,51
1203,51
1204,137
1205,137
1206,40
1208,51
1209,51
1210,94
1211,51
1212,35
1212,51
1213,51
1214,51
1215,40
1216,51
1217,51
1218,137
1219,137
1220,137
1221,137
1222,137
1223,35
1223,137
1224,137
1226,137
1227,35
1227,137
1228,51
1229,40
1230,51
1231,137
1232,137
1233,137
1234,137
1235,137
1236,137
1237,137
1238,137
1239,35
1240,51
1241,51
1242,51
1243,51
1244,51
1245,51
1246,51
1247,51
1248,51
1250,51
1251,51
1252,35
1253,51
1254,40
1255,40
1256,51
1257,51
1258,109
1259,51
1260,109
1261,109
1262,51
1263,51
1264,51
1265,51
1266,28
1267,94
1271,40
1274,35
1274,137
1275,35
1275,137
1276,35
1276,137
1277,35
1277,137
1278,35
1278,137
1279,137
1280,35
1280,137
1281,137
1282,35
1282,137
1283,35
1283,137
1285,35
1285,137
1286,51
1286,137
1287,35
1287,137
1288,40
1288,137
1290,35
1290,137
1291,35
1291,137
1294,40
1294,137
1295,51
1295,137
1296,40
1296,137
1297,137
1298,51
1298,137
1299,51
1299,137
1301,51
1301,137
1302,51
1302,137
1303,51
1303,137
1304,51
1304,137
1305,51
1305,137
1306,51
1307,51
1308,51
1309,51
1310,51
1311,51
1312,51
1313,51
1314,51
1315,51
1316,51
1317,51
1318,51
1319,51
1320,51
1321,51
1322,51
1323,51
1325,51
1326,51
1327,51
1328,51
1329,51
1330,51
1331,51
1332,51
1334,51
1335,51
1336,51
1337,51
1338,51
1339,51
1340,51
1341,51
1342,51
1343,51
1344,51
1345,51
1346,40
1346,137
1347,40
1347,137
1349,40
1349,137
1350,51
1351,51
1352,51
1353,51
1354,51
1355,51
1356,51
1357,51
1358,51
1359,51
1360,51
1361,51
1362,51
1363,51
1364,51
1365,51
1366,51
1367,51
1368,51
1369,51
1370,51
1371,51
1372,51
1373,51
1374,51
1375,51
1376,51
1377,51
1378,51
1379,51
1380,51
1381,51
1382,51
1383,51
1384,51
1385,51
1386,51
1387,51
1388,51
1389,51
1390,51
1391,51
1392,51
1393,51
1394,51
1395,51
1396,51
1397,51
1398,51
1399,51
1400,51
1401,51
1402,51
1403,51
1405,51
1406,51
1407,51
1408,51
1409,51
1410,51
1411,51
1412,51
1413,51
1414,51
1415,51
1416,51
1417,51
1418,51
1419,51
1420,51
1421,51
1422,51
1423,51
1424,51
1425,51
1426,51
1427,51
1428,51
1429,51
1430,51
1431,51
1432,51
1433,51
1434,51
1435,51
1436,51
1437,51
1438,51
1439,51
1440,51
1441,51
1442,51
1443,51
1445,35
1446,51
1446,55
1447,51
1447,89
1448,140
1449,35
1449,51
1450,18
1451,94
1452,7
1452,94
1453,94
1455,51
1456,51
1457,35
1458,35
1459,51
1459,65
1460,56
1461,56
1462,40
1462,55
1463,55
1464,51
1465,51
1466,51
1468,51
1472,26
1473,26
1474,26
1475,26
1476,26
1477,26
1478,26
1479,26
1480,94
1481,94
1486,51
1487,94
1489,51
1489,137
1490,51
1491,51
1492,51
1493,51
1494,137
1495,94
1496,94
1497,94
1498,94
1499,94
1500,94
1501,94
1502,94
1503,94
1504,51
1505,51
1506,51
1507,51
1508,51
1509,51
1510,94
1511,51
1512,51
1513,51
1514,51
1515,137
1516,51
1517,51
1518,51
1519,40
1520,51
1521,51
1522,40
1523,40
1524,40
1525,40
1526,40
1527,40
1528,51
1529,51
1530,51
1531,51
1532,51
1533,51
1534,40
1535,40
1536,40
1537,40
1538,40
1539,40
1543,35
1544,51
1545,51
1546,51
1547,51
1548,51
1549,51
1550,94
1551,94
1552,94
1553,94
1554,94
1555,51
1556,56
1557,56
1558,56
1559,94
1561,94
1562,94
1563,94
1564,94
1565,35
1566,51
1567,51
1568,51
1569,51
1570,51
1571,51
1572,34
1573,94
1574,137
1576,40
1577,40
1580,51
1581,51
1582,51
1583,51
1584,51
1585,51
1586,137
1588,35
1590,26
1591,26
1592,26
1593,26
1594,26
1595,26
1596,26
1597,26
1598,26
1599,26
1600,26
1601,40
1602,26
1603,26
1604,26
1605,26
1608,51
1610,51
1610,109
1611,109
1612,26
1613,26
1615,26
1616,26
1617,26
1618,26
1619,51
1620,51
1621,51
1623,51
1624,40
1625,40
1626,40
1627,40
1628,40
1629,40
1630,40
1631,40
1632,40
1633,40
1634,40
1636,40
1637,40
1638,40
1639,40
1640,40
1641,40
1642,40
1643,40
1644,40
1646,40
1647,40
1648,40
1649,40
1650,40
1651,40
1652,40
1653,40
1654,40
1655,40
1656,40
1657,40
1658,40
1659,35
1661,56
1662,56
1663,35
1664,94
1665,94
1666,94
1667,40
1668,56
1669,35
1670,56
1671,51
1672,40
1673,40
1674,40
1675,51
1676,51
1677,35
1679,40
1680,26
1681,94
1682,94
1683,137
1684,137
1685,137
1686,137
1687,137
1688,137
1689,51
1690,137
1691,137
1692,51
1692,137
1693,51
1693,137
1694,137
1695,137
1696,137
1697,137
1698,137
1699,137
1700,137
1701,137
1702,137
1703,137
1704,109
1705,51
1706,51
1707,51
1708,51
1709,51
1710,51
1711,51
1712,51
1713,51
1714,51
1715,51
1715,111
1716,35
1717,94
1718,55
1719,51
1720,40
1721,51
1722,51
1723,128
1724,51
1725,40
1726,51
1727,51
1728,51
1729,51
1730,51
1731,137
1732,51
1733,56
1734,137
1735,51
1736,51
1737,26
1738,51
1739,94
1740,94
1741,94
1742,94
1743,94
1745,94
1746,94
1748,94
1749,51
1750,40
1751,56
1752,51
1753,35
1754,35
1755,51
1756,55
1757,26
1758,51
1759,51
1760,51
1761,40
1762,82
1763,51
1763,82
1764,35
1765,51
1766,51
1767,51
1768,51
1769,51
1771,82
1772,82
1773,82
1775,82
1776,82
1777,82
1779,82
1780,82
1781,51
1781,54
1782,64
1783,51
1784,51
1784,76
1786,40
1787,51
1787,67
1788,137
1789,51
1790,35
1791,51
1792,51
1793,51
1794,51
1795,51
1797,40
1797,137
1798,40
1798,137
1800,26
1800,51
1801,109
1802,23
1802,139
1802,140
1803,137
1804,35
1805,137
1806,137
1807,51
1808,51
1809,51
1810,51
1811,34
1811,51
1812,35
1813,51
1814,51
1815,51
1816,23
1816,51
1816,140
1817,26
1818,55
1819,94
1820,51
1821,137
1822,51
1823,51
1824,51
1825,51
1826,51
1827,137
1828,51
1829,51
1830,51
1831,51
1832,51
1833,51
1834,51
1835,51
1836,51
1837,51
1838,51
1839,51
1840,51
1841,51
1842,51
1842,137
1843,51
1844,94
1845,55
1846,94
1847,51
1847,137
1848,51
1848,137
1849,51
1849,166
1850,40
1851,51
1852,51
1853,51
1854,56
1855,51
1856,109
1857,64
1858,51
1859,51
1860,51
1861,47
1862,145
1863,47
1863,74
1863,115
1864,47
1864,94
1865,13
1866,51
1867,56
1868,51
1869,51
1870,51
1871,137
1872,51
1873,40
1874,51
1875,26
1875,40
1876,51
1877,51
1878,51
1879,51
1881,28
1882,51
1883,51
1884,51
1885,51
1886,51
1887,145
1888,145
1889,51
1890,94
1891,51
1892,94
1893,51
1894,51
1895,94
1896,94
1897,94
1898,94
1899,51
1900,94
1901,94
1902,35
1903,94
1904,51
1905,51
1906,51
1907,51
1908,51
1909,51
1910,51
1911,64
1913,94
1914,94
1915,99
1916,51
1917,26
1918,51
1919,56
1920,94
1921,13
1922,13
1923,51
1924,51
1925,51
1926,51
1927,51
1928,94
1929,56
1929,94
1930,35
1931,51
1932,51
1933,51
1934,51
1935,51
1936,60
1936,94
1937,51
1938,51
1939,51
1940,35
1941,47
1942,51
1943,51
1943,137
1944,51
1945,51
1946,51
1947,51
1948,56
1949,51
1950,51
1951,51
1952,51
1953,51
1954,51
1955,51
1956,51
1957,35
1959,51
1960,51
1961,51
1962,51
1963,51
1964,51
1965,51
1966,51
1967,51
1968,40
1969,47
1970,51
1971,48
1972,51
1973,55
1974,94
1975,51
1976,51
1977,51
1978,51
1979,51
1980,51
1981,51
1982,51
1983,51
1983,137
1984,51
1984,137
1985,51
1985,137
1986,47
1986,137
1987,47
1988,137
1989,51
1989,137
1990,51
1990,137
1991,51
1992,47
1993,47
1993,137
1994,47
1995,137
1996,47
1997,137
1998,137
1999,137
2000,47
2001,47
2002,13
2003,47
2003,127
2004,47
2005,51
2005,137
2006,35
2007,51
2008,51
2010,51
2011,51
2012,51
2013,51
2014,51
2015,51
2016,51
2017,51
2018,51
2019,51
2020,51
2021,51
2022,51
2023,51
2024,51
2025,51
2026,51
2027,51
2028,51
2029,51
2030,40
2031,26
2031,67
2032,51
2033,47
2034,51
2035,51
2036,94
2037,51
2038,23
2038,51
2038,56
2038,139
2038,140
2039,51
2040,51
2041,51
2042,51
2043,51
2044,82
2045,44
2045,47
2046,26
2047,26
2048,26
2049,26
2050,26
2051,26
2052,26
2053,26
2054,26
2055,26
2056,26
2057,26
2058,26
2059,26
2060,26
2061,26
2062,26
2063,26
2064,26
2065,26
2066,26
2067,26
2068,26
2069,26
2069,106
2070,26
2072,26
2073,26
2074,26
2075,26
2076,26
2077,26
2078,26
2079,26
2080,26
2081,26
2082,26
2083,26
2084,26
2085,26
2086,26
2087,26
2088,26
2089,26
2090,26
2091,26
2092,26
2093,94
2094,94
2095,94
2096,94
2097,94
2098,94
2099,94
2100,94
2101,94
2102,51
2103,106
2104,94
2105,94
2106,51
2107,51
2108,94
2109,94
2110,137
2113,40
2114,51
2115,55
2116,94
2116,126
2117,94
2118,94
2119,40
2119,51
2120,94
2121,94
2122,94
2123,94
2124,94
2125,94
2126,94
2127,94
2128,94
2129,94
2130,94
2131,94
2132,51
2133,28
2136,47
2137,51
2138,47
2139,47
2140,94
2141,94
2143,94
2144,94
2145,55
2146,55
2147,55
2148,55
2149,55
2150,55
2151,55
2152,51
2152,55
2153,51
2154,40
2154,55
2155,56
2156,94
2157,94
2158,31
2160,51
2161,51
2162,64
2163,51
2164,51
2165,51
2166,51
2167,51
2168,51
2169,51
2170,51
2171,51
2172,51
2173,51
2174,51
2175,51
2176,51
2177,88
2178,51
2179,51
2180,23
2180,139
2180,140
2181,109
2182,51
2184,39
2185,146
2185,147
2186,51
2186,148
2187,23
2188,51
2190,51
2191,35
2192,6
2192,87
2193,51
2194,88
2195,94
2196,88
2197,88
2198,88
2199,88
2200,88
2201,88
2202,88
2203,88
2204,88
2205,88
2206,88
2207,88
2208,109
2209,51
2210,51
2211,51
2212,40
2213,51
2214,51
2217,88
2218,88
2219,88
2220,88
2221,88
2222,88
2223,88
2224,88
2225,88
2226,88
2227,88
2228,40
2228,67
2228,94
2229,35
2229,132
2230,51
2231,35
2232,51
2233,51
2234,51
2235,27
2236,51
2236,109
2238,51
2239,51
2240,51
2241,35
2241,51
2241,55
2242,51
2243,51
2244,35
2244,40
2244,51
2244,67
2245,51
2245,134
2246,51
2247,51
2248,51
2249,41
2249,51
2250,51
2251,35
2251,51
2252,35
2252,51
2252,55
2253,51
2254,51
2255,51
2256,23
2256,139
2256,140
2257,35
2257,51
2257,94
2257,109
2257,149
2258,51
2259,35
2259,51
2259,109
2260,51
2260,99
2261,51
2262,51
2262,109
2263,51
2264,35
2264,51
2265,55
2266,41
2266,51
2266,55
2267,51
2268,51
2269,35
2269,51
2269,56
2270,35
2270,40
2270,51
2271,51
2272,51
2273,51
2274,35
2274,51
2275,88
2276,88
2277,88
2278,88
2279,88
2280,35
2280,137
2281,51
2282,51
2282,109
2284,88
2285,88
2286,51
2287,51
2288,51
2289,35
2289,48
2289,51
2289,109
2290,51
2291,51
2291,109
2292,51
2293,88
2294,88
2294,137
2295,88
2296,88
2297,88
2298,88
2299,88
2300,34
2301,34
2302,88
2303,51
2304,51
2305,132
2306,35
2306,132
2307,35
2308,88
2309,88
2310,88
2311,88
2312,88
2313,88
2314,88
2315,88
2316,88
2317,88
2318,88
2319,88
2320,88
2322,88
2323,88
2324,88
2325,88
2326,88
2327,88
2328,88
2329,137
2330,88
2331,88
2332,88
2333,88
2334,37
2334,51
2334,54
2335,56
2336,109
2337,56
2338,51
2339,51
2340,56
2341,51
2342,6
2342,51
2343,51
2344,51
2345,51
2346,35
2346,51
2346,56
2347,51
2347,93
2348,51
2349,35
2349,40
2349,55
2350,35
2351,51
2352,51
2353,51
2354,51
2355,51
2356,51
2357,51
2358,64
2359,64
2360,64
2361,64
2362,64
2363,64
2364,64
2365,64
2366,64
2367,64
2368,64
2369,64
2370,64
2371,64
2373,64
2374,64
2375,137
2378,137
2379,64
2380,64
2381,51
2381,64
2382,64
2383,64
2384,64
2385,64
2386,64
2387,64
2387,137
2388,64
2389,64
2390,64
2391,64
2392,64
2393,64
2394,109
2395,89
2396,89
2397,6
2397,35
2398,137
2399,51
2400,40
2400,137
2401,35
2402,35
2403,35
2404,26
2405,51
2406,34
2407,140
2408,23
2408,140
2409,23
2409,139
2410,51
2411,56
2412,51
2412,140
2413,140
2414,140
2415,140
2416,35
2416,51
2416,55
2416,109
2417,51
2418,51
2419,51
2420,51
2421,51
2422,51
2423,51
2424,51
2425,51
2426,51
2427,51
2428,51
2430,26
2431,26
2432,26
2433,26
2434,26
2435,26
2436,26
2437,26
2438,26
2438,35
2438,51
2440,26
2441,26
2442,26
2443,55
2443,106
3430,40
3431,40
3432,137
3433,40
3434,40
3435,40
3436,40
3437,40
3438,40
3439,40
3440,40
3441,40
3442,40
3443,40
3444,40
3445,40
3446,137
3447,40
3448,40
3449,40
3450,40
3451,40
3452,40
3453,40
3454,40
3455,137
3456,137
3457,40
3458,51
3459,35
3460,51
3461,51
3462,88
3463,51
3464,40
3465,40
3466,40
3466,137
3467,40
3468,51
3469,40
3470,40
3471,51
3472,51
3472,56
3473,51
3474,51
3475,51
3476,51
3477,51
3478,51
3479,51
3480,51
3481,51
3482,51
3483,51
3484,51
3485,23
3485,140
3486,35
3487,23
3487,140
3488,23
3488,140
3489,23
3489,140
3490,23
3491,23
3491,140
3492,23
3492,140
3493,139
3495,23
3495,140
3496,23
3496,140
3497,23
3497,140
3499,51
3500,23
3500,140
3501,23
3501,140
3502,23
3502,140
3503,56
3504,56
3505,35
3505,51
3505,56
3506,56
3507,56
3508,56
3509,56
3510,56
3511,51
3511,56
3512,51
3512,113
3512,142
3513,51
3514,51
3515,51
3516,35
3517,112
3519,82
3520,27
3521,82
3522,82
3523,51
3523,112
3524,27
3525,27
3526,27
3527,40
3528,51
3529,94
3530,94
3531,94
3532,94
3533,94
3534,94
3535,94
3536,94
3537,94
3538,94
3539,31
3540,94
3541,94
3541,126
3542,94
3543,26
3544,26
3545,26
3546,56
3547,35
3548,51
3548,109
3549,51
3549,109
3550,23
3550,139
3550,140
3551,51
3552,51
3553,51
3554,144
3555,109
3556,40
3557,51
3558,51
3559,40
3560,56
3561,51
3562,51
3564,55
3565,51
3565,94
3565,126
3566,94
3567,55
3568,51
3569,51
3570,26
3571,51
3571,56
3572,56
3573,51
3574,51
3575,35
3575,51
3576,35
3576,51
3576,55
3577,109
3578,28
3579,40
3580,40
3581,56
3582,55
3583,55
3584,40
3585,40
3587,40
3588,40
3589,40
3590,40
3591,40
3592,40
3593,40
3594,51
3595,40
3596,40
3596,51
3597,40
3597,55
3598,40
3598,137
3599,40
3600,40
3601,40
3602,40
3603,40
3604,40
3605,40
3606,40
3607,40
3608,40
3609,40
3610,40
3611,40
3612,40
3613,40
3614,40
3615,40
3616,40
3618,40
3619,128
3620,40
3621,40
3623,40
3624,40
3625,40
3626,40
3627,6
3628,51
3629,40
3630,40
3631,137
3632,40
3633,40
3634,40
3635,40
3636,40
3637,40
3638,35
3639,51
3640,51
3641,51
3642,51
3644,51
3646,51
3647,51
3649,51
3650,51
3651,51
3651,68
3651,70
3652,51
3653,51
3654,51
3655,51
3656,51
3657,51
3658,51
3659,51
3660,51
3662,51
3663,51
3664,51
3665,51
3666,51
3667,26
3667,51
3667,98
3668,51
3669,51
3670,40
3670,46
3670,55
3670,67
3670,88
3670,94
3671,51
3672,109
3673,51
3674,51
3675,56
3676,137
3677,35
3678,51
3679,51
3680,51
3681,51
3682,35
3682,51
3682,67
3683,51
3684,35
3685,56
3686,51
3687,51
3688,51
3689,51
3690,51
3691,51
3692,94
3693,88
3694,88
3695,89
3696,106
3697,51
3698,88
3699,109
3700,51
3701,40
3702,51
3703,94
3704,88
3705,51
3706,51
3707,56
3708,51
3709,129
3710,88
3711,94
3712,35
3712,51
3713,26
3714,51
3715,40
3715,51
3715,55
3716,132
3717,51
3718,40
3719,88
3720,51
3720,109
3721,51
3722,51
3722,109
3723,35
3723,51
3724,6
3724,35
3725,35
3726,51
3727,137
3728,77
3729,51
3730,51
3731,51
3731,109
3732,26
3733,51
3734,40
3735,51
3736,51
3736,88
3737,51
3738,23
3738,140
3739,35
3739,51
3739,94
3740,51
3740,94
3740,126
3741,126
3742,56
3743,40
3744,35
3745,35
3746,35
3747,35
3748,35
3749,51
3750,51
3751,51
3752,51
3753,51
3754,150
3755,51
3756,51
3757,51
3758,51
3759,51
3760,51
3762,48
3762,51
3762,109
3763,51
3764,51
3764,55
3765,40
3765,55
3766,51
3767,35
3769,56
3770,40
3771,40
3772,102
3773,121
3774,51
3775,56
3776,119
3777,51
3778,25
3779,25
3780,25
3781,25
3782,25
3783,25
3784,35
3785,51
3786,51
3787,51
3788,51
3789,107
3790,56
3791,40
3792,93
3793,23
3793,56
3793,140
3794,98
3795,40
3796,40
3797,51
3798,51
3799,51
3800,51
3801,51
3802,51
3803,51
3805,51
3806,51
3807,51
3808,51
3809,51
3810,51
3811,6
3812,6
3813,6
3814,140
3815,140
3816,140
3817,35
3817,51
3818,51
3820,51
3821,51
3822,51
3823,51
3824,51
3826,88
3827,88
3828,88
3829,88
3830,88
3831,35
3832,51
3833,51
3834,51
3835,51
3836,51
3837,51
3838,51
3838,94
3839,51
3840,40
3841,51
3842,51
3843,51
3844,26
3845,51
3846,51
3847,51
3848,51
3849,51
3850,51
3851,109
3852,51
3853,55
3854,51
3855,40
3856,51
3857,40
3858,40
3859,40
3860,40
3861,40
3862,56
3863,56
3864,47
3865,51
3866,51
3867,51
3868,35
3869,35
3870,35
3871,35
3872,51
3873,51
3874,26
3875,22
3875,51
3875,109
3876,51
3877,51
3878,56
3879,51
3880,35
3881,51
3882,51
3883,51
3884,94
3885,94
3886,48
3886,56
3887,10
3887,39
3887,94
3888,51
3889,94
3890,94
3892,94
3893,94
3894,40
3894,51
3894,94
3894,112
3895,51
3896,51
3897,51
3898,51
3898,137
3899,51
3899,137
3900,51
3900,137
3901,51
3901,137
3902,51
3902,137
3903,51
3903,137
3904,51
3904,137
3905,51
3905,137
3906,51
3906,137
3907,51
3907,137
3908,51
3908,137
3909,51
3909,137
3910,51
3910,137
3911,51
3911,137
3912,51
3912,137
3913,51
3913,137
3914,51
3914,137
3915,51
3915,137
3916,51
3916,137
3917,51
3917,137
3918,51
3918,137
3919,51
3919,137
3920,51
3920,137
3921,51
3921,137
3922,51
3923,51
3923,137
3924,51
3924,137
3925,51
3925,137
3926,51
3926,137
3927,51
3927,137
3928,51
3928,137
3929,51
3929,137
3930,51
3930,137
3931,51
3931,137
3932,51
3932,137
3933,51
3933,137
3934,51
3934,137
3935,51
3935,137
3936,51
3936,137
3937,51
3937,137
3938,51
3938,137
3939,51
3939,137
3940,51
3940,137
3941,51
3941,137
3942,51
3942,137
3943,51
3943,137
3944,51
3944,137
3945,51
3945,137
3946,51
3946,137
3947,51
3947,137
3948,51
3948,137
3949,51
3949,55
3949,67
3950,51
3951,51
3952,51
3953,51
3954,51
3955,51
3956,51
3957,51
3958,51
3958,109
3959,35
3959,51
3960,51
3961,51
3962,55
3963,28
3964,51
3964,89
3964,109
3965,89
3966,40
3967,40
3968,40
3969,73
3970,25
3971,25
3972,25
3973,25
3974,25
3975,55
3976,51
3977,51
3978,55
3979,35
3979,40
3979,51
3980,51
3981,51
3981,56
3982,56
3983,51
3984,51
3985,51
3986,28
3987,51
3988,51
3989,51
3990,94
3991,51
3992,51
3992,109
3993,51
3994,35
3995,51
3996,6
3996,35
3997,6
3998,51
3998,137
3999,40
4000,48
4001,48
4002,94
4003,64
4005,40
4006,35
4007,55
4009,55
4010,39
4011,18
4012,51
4013,51
4014,51
4015,123
4016,123
4017,23
4017,56
4017,139
4017,140
4018,23
4018,139
4019,23
4019,139
4019,140
4020,23
4020,139
4020,140
4021,51
4022,123
4023,123
4024,123
4025,51
4026,35
4026,51
4027,51
4028,35
4029,35
4029,51
4030,35
4030,51
4031,35
4031,51
4032,123
4033,123
4034,123
4035,123
4036,109
4037,109
4038,109
4039,51
4040,51
4041,51
4041,137
4042,51
4043,51
4044,56
4045,51
4046,56
4047,51
4048,51
4049,73
4050,51
4051,51
4052,51
4053,51
4054,51
4055,51
4056,51
4057,51
4058,51
4059,51
4060,51
4061,51
4062,123
4063,94
4064,94
4065,94
4066,94
4067,94
4068,94
4069,28
4070,94
4071,94
4072,94
4073,94
4074,94
4075,94
4076,94
4077,51
4078,51
4079,51
4080,51
4081,51
4081,137
4082,73
4083,73
4084,51
4085,51
4087,106
4088,137
4089,51
4090,109
4091,51
4092,94
4093,94
4094,89
4095,7
4096,123
4097,51
4098,27
4098,51
4099,123
4100,51
4100,137
4101,51
4102,51
4103,51
4104,35
4105,88
4106,109
4107,35
4108,51
4109,51
4110,51
4110,140
4111,140
4112,140
4113,140
4114,140
4115,140
4116,23
4117,23
4118,51
4119,51
4120,51
4121,51
4122,94
4123,51
4123,151
4124,123
4125,51
4125,137
4126,40
4126,51
4126,99
4127,40
4128,56
4129,51
4129,56
4130,65
4130,123
4131,51
4132,51
4133,94
4134,51
4135,51
4136,51
4137,109
4138,51
4139,64
4140,40
4141,51
4142,34
4144,51
4145,35
4146,51
4147,51
4149,109
4150,51
4152,51
4154,51
4154,137
4157,51
4159,51
4159,137
4160,40
4161,56
4162,51
4163,56
4164,51
4165,51
4166,51
4167,51
4168,51
4169,51
4170,51
4171,82
4172,56
4174,51
4175,51
4176,109
4177,109
4178,109
4179,88
4180,94
4181,94
4182,51
4183,51
4184,51
4186,51
4187,51
4191,51
4192,51
4193,109
4194,51
4195,40
4196,40
4197,51
4198,35
4199,35
4200,51
4201,51
4202,51
4203,26
4203,51
4204,40
4205,40
4206,51
4207,51
4208,51
4209,51
4210,40
4211,51
4212,55
4213,51
4214,35
4214,69
4215,51
4216,51
4217,51
4218,51
4218,137
4219,51
4219,137
4220,51
4220,137
4221,51
4222,51
4222,137
4223,45
4225,45
4228,40
4230,23
4230,140
4231,51
4232,51
4233,51
4234,51
4234,140
4235,51
4236,126
4237,51
4237,126
4238,51
4239,89
4240,89
4241,89
4242,51
4243,51
4244,40
4245,40
4246,40
4247,40
4248,40
4249,40
4250,40
4251,40
4252,40
4253,40
4254,40
4255,40
4256,40
4257,40
4258,40
4259,40
4260,40
4261,40
4262,26
4263,94
4264,51
4265,51
4266,51
4267,126
4268,126
4269,140
4270,139
4270,140
4271,94
4272,51
4272,55
4273,55
4274,55
4275,51
4276,51
4277,51
4281,51
4283,94
4284,51
4285,51
4286,82
4287,109
4288,109
4289,51
4290,51
4291,51
4292,35
4293,51
4294,40
4295,35
4295,51
4295,94
4296,51
4297,51
4298,35
4299,34
4302,51
4303,51
4304,64
4305,64
4306,140
4307,140
4308,56
4309,139
4310,140
4311,56
4312,56
4313,140
4314,23
4315,139
4316,51
4318,51
4318,140
4319,140
4320,94
4321,10
4322,94
4323,10
4323,94
4324,94
4325,94
4326,94
4327,7
4328,94
4330,7
4330,94
4332,7
4333,94
4334,7
4334,94
4335,7
4335,94
4336,94
4337,94
4339,94
4340,94
4341,94
4342,94
4343,94
4344,94
4345,94
4346,94
4347,51
4348,51
4351,40
4351,51
4351,94
4351,109
4352,64
4353,94
4354,94
4356,94
4357,31
4357,94
4358,31
4359,31
4359,94
4360,31
4361,31
4361,94
4362,31
4363,31
4363,94
4364,94
4365,94
4366,94
4367,40
4367,51
4367,94
4368,94
4370,56
4371,51
4371,109
4372,40
4374,51
4375,51
4376,51
4377,35
4377,51
4378,40
4379,51
4380,35
4380,46
4380,94
4381,94
4382,51
4383,35
4383,40
4383,51
4383,55
4384,40
4385,40
4386,35
4386,40
4386,51
4386,55
4387,40
4388,40
4389,40
4390,40
4391,40
4392,40
4393,40
4394,40
4395,35
4395,40
4395,51
4395,55
4396,40
4397,40
4398,40
4399,40
4400,40
4401,40
4402,40
4403,40
4404,40
4405,35
4405,40
4405,51
4405,55
4406,40
4407,51
4408,51
4409,51
4409,64
4410,51
4411,35
4412,41
4412,51
4413,51
4414,51
4415,51
4417,51
4418,51
4419,51
4421,51
4422,51
4423,51
4424,94
4425,51
4426,51
4428,51
4429,55
4430,109
4432,51
4433,51
4434,94
4435,94
4436,94
4439,94
4440,94
4442,126
4443,126
4445,126
4446,126
4447,126
4448,126
4449,94
4450,94
4451,126
4452,126
4453,126
4454,126
4455,126
4457,126
4458,94
4458,126
4459,94
4459,126
4460,126
4461,126
4462,126
4463,126
4464,94
4464,126
4465,94
4465,126
4466,126
4467,126
4469,94
4469,126
4470,94
4470,126
4472,126
4473,126
4474,51
4475,20
4476,20
4477,20
4478,20
4480,35
4480,51
4480,94
4482,51
4484,48
4484,94
4485,51
4486,126
4487,94
4489,51
4490,137
4491,137
4492,51
4493,51
4494,51
4495,51
4496,51
4497,51
4498,115
4499,94
4500,51
4501,109
4502,51
4503,56
4504,56
4505,56
4506,56
4507,47
4508,51
4509,27
4510,51
4510,113
4510,142
4511,51
4512,94
4513,51
4514,51
4515,99
4516,51
4517,99
4518,27
4519,55
4520,27
4521,94
4522,51
4526,51
4527,51
4529,51
4530,94
4531,51
4532,51
4532,109
4533,51
4534,51
4534,56
4535,56
4536,56
4537,56
4538,56
4539,56
4540,56
4541,56
4542,56
4543,56
4544,56
4545,56
4546,56
4547,56
4548,56
4549,56
4550,56
4551,56
4552,56
4553,56
4554,56
4556,109
4557,56
4558,109
4559,51
4560,51
4563,51
4564,51
4565,129
4566,51
4567,51
4569,10
4570,51
4571,47
4572,51
4573,51
4574,51
4575,51
4576,94
4577,94
4578,137
4579,94
4580,94
4581,94
4582,94
4583,51
4584,51
4585,51
4586,94
4587,35
4587,51
4588,35
4588,51
4588,118
4588,119
4588,139
4588,140
4589,51
4590,89
4591,51
4592,109
4593,89
4594,51
4595,47
4596,51
4597,51
4598,47
4599,115
4600,51
4602,51
4603,87
4604,51
4605,55
4606,113
4606,142
4607,51
4608,51
4609,51
4610,51
4611,51
4612,51
4613,23
4614,51
4615,51
4616,51
4617,51
4618,51
4619,34
4620,51
4621,109
4622,47
4623,137
4624,51
4626,51
4628,51
4629,51
4630,51
4631,51
4632,51
4633,51
4634,137
4635,51
4636,137
4637,137
4638,51
4639,64
4640,39
4641,51
4642,94
4645,51
4645,88
4648,56
4651,25
4652,51
4653,51
4654,51
4655,51
4656,153
4657,51
4658,51
4659,51
4660,51
4661,51
4663,35
4664,51
4665,51
4666,123
4667,51
4668,51
4669,28
4670,35
4671,51
4672,26
4673,51
4674,51
4676,40
4677,51
4678,51
4679,51
4680,40
4680,82
4680,112
4681,94
4683,51
4684,51
4685,51
4686,51
4688,51
4689,51
4690,40
4691,34
4692,56
4693,51
4694,51
4695,46
4696,51
4697,137
4698,113
4698,142
4699,51
4701,51
4702,74
4703,51
4704,115
4705,47
4705,50
4705,55
4706,35
4707,51
4708,51
4709,40
4710,51
4711,51
4712,40
4713,51
4714,109
4715,51
4716,51
4717,23
4718,51
4719,51
4720,51
4721,51
4722,51
4723,51
4723,89
4724,51
4724,140
4725,51
4726,51
4727,94
4728,40
4730,51
4731,112
4732,51
4733,51
4734,51
4735,51
4736,35
4737,51
4738,51
4739,139
4740,154
4741,51
4742,94
4743,94
4744,137
4745,51
4746,51
4747,51
4748,51
4748,94
4749,35
4750,40
4751,123
4752,137
4753,51
4754,51
4755,137
4756,127
4757,51
4758,137
4759,137
4760,94
4761,137
4762,47
4763,137
4764,155
4765,137
4766,47
4767,137
4768,113
4768,142
4769,137
4770,34
4771,137
4772,137
4773,51
4774,137
4775,51
4776,51
4777,51
4778,40
4779,40
4780,40
4782,109
4783,137
4784,51
4785,51
4786,40
4787,51
4788,51
4789,51
4790,51
4791,51
4792,51
4793,156
4794,51
4795,51
4796,51
4797,51
4798,26
4800,51
4801,51
4802,51
4803,51
4804,51
4805,51
4805,55
4806,51
4807,51
4808,137
4809,23
4809,137
4811,51
4812,27
4813,51
4814,139
4815,51
4816,51
4817,51
4818,139
4819,51
4820,51
4821,51
4822,51
4823,51
4824,140
4825,51
4826,51
4827,94
4828,51
4831,51
4832,51
4833,35
4834,51
4835,51
4836,51
4836,88
4837,94
4838,51
4839,94
4840,94
4841,51
4841,109
4842,6
4842,50
4842,51
4842,55
4842,56
4842,67
4842,94
4842,140
4843,94
4844,40
4845,40
4846,40
4847,40
4848,40
4849,40
4850,40
4851,40
4852,40
4853,40
4854,26
4855,51
4856,40
4857,40
4858,40
4859,40
4860,40
4861,40
4862,40
4863,40
4864,40
4865,40
4866,40
4867,137
4868,40
4869,40
4870,109
4871,51
4871,109
4872,51
4873,94
4875,51
4876,51
4877,51
4878,51
4879,51
4880,89
4881,51
4881,113
4881,142
4882,51
4883,109
4884,51
4885,51
4886,51
4887,51
4888,51
4889,51
4890,64
4891,51
4892,51
4893,51
4894,51
4895,109
4896,51
4897,137
4898,51
4900,51
4901,51
4902,22
4902,109
4903,28
4904,51
4905,51
4906,35
4907,51
4908,51
4909,51
4910,35
4911,56
4912,51
4913,51
4914,51
4915,51
4916,51
4917,137
4918,94
4919,51
4920,51
4921,51
4922,51
4923,51
4924,51
4925,51
4926,51
4928,51
4929,51
4930,51
4931,51
4932,109
4933,51
4934,35
4935,51
4936,51
4937,89
4938,40
4939,51
4940,51
4941,51
4942,51
4943,51
4944,94
4945,51
4946,113
4946,142
4947,51
4948,51
4949,51
4950,139
4951,140
4952,140
4953,51
4954,55
4955,51
4957,51
4959,51
4960,51
4961,51
4962,51
4962,140
4963,51
4964,51
4965,23
4966,51
4967,137
4968,35
4969,51
4970,40
4971,28
4971,51
4972,51
4973,51
4975,48
4976,35
4976,40
4976,157
4977,51
4978,41
4979,51
4980,34
4981,40
4983,109
4984,35
4985,140
4986,140
4987,41
4988,51
4989,56
4990,118
4991,51
4992,51
4993,88
4994,28
4995,51
4996,51
4997,51
4998,51
4999,51
5000,51
5001,55
5003,51
5004,137
5005,70
5007,51
5008,71
5010,51
5011,40
5012,51
5013,40
5014,51
5016,51
5018,51
5019,40
5019,51
5020,40
5021,40
5022,51
5023,51
5024,35
5025,35
5026,35
5027,51
5028,51
5029,137
5030,40
5030,137
5031,109
5032,51
5033,51
5034,51
5035,51
5036,51
5037,51
5038,112
5039,34
5040,26
5041,94
5043,94
5044,94
5045,94
5046,94
5048,55
5048,106
5049,94
5050,51
5051,137
5052,137
5053,51
5053,113
5053,142
5054,40
5055,51
5056,51
5058,51
5059,40
5060,51
5061,94
5062,27
5063,27
5064,40
5065,40
5066,64
5069,40
5071,51
5072,51
5073,40
5074,35
5075,51
5076,56
5077,51
5078,51
5079,51
5080,71
5081,71
5082,40
5083,89
5084,56
5085,109
5086,112
5088,51
5090,51
5091,51
5092,51
5093,109
5094,51
5095,3
5095,51
5096,137
5097,40
5099,94
5100,26
5100,68
5100,94
5101,51
5102,51
5103,51
5104,51
5105,51
5106,28
5107,94
5108,94
5109,137
5110,51
5111,35
5112,26
5113,55
5114,35
5114,51
5114,109
5115,94
5116,35
5118,89
5119,94
5120,51
5121,51
5122,109
5123,49
5124,56
5125,25
5126,51
5127,51
5128,51
5129,137
5130,51
5131,51
5131,55
5132,56
5133,109
5134,26
5135,89
5136,113
5136,142
5137,27
5138,137
5139,89
5140,51
5141,51
5141,73
5142,73
5143,109
5144,51
5145,51
5146,40
5147,94
5148,56
5149,94
5150,56
5151,40
5152,70
5153,106
5154,35
5155,26
5156,51
5157,51
5158,40
5159,51
5160,51
5161,51
5162,51
5165,40
5166,51
5167,56
5168,40
5169,89
5170,40
5171,51
5173,40
5174,51
5176,51
5177,51
5181,88
5182,140
5182,158
5183,26
5184,40
5185,56
5186,40
5187,40
5188,28
5188,51
5188,159
5189,51
5190,40
5191,118
5192,40
5193,51
5194,51
5195,40
5196,40
5196,137
5197,40
5198,35
5198,137
5199,40
5200,40
5201,40
5201,51
5202,40
5202,137
5203,40
5204,51
5205,40
5206,51
5206,56
5207,51
5208,35
5208,51
5209,51
5210,51
5211,26
5212,51
5213,55
5214,68
5215,31
5216,94
5217,31
5218,94
5219,94
5220,94
5221,94
5222,94
5223,94
5224,94
5225,94
5226,94
5227,51
5228,137
5229,94
5230,35
5231,94
5232,94
5233,94
5234,94
5235,126
5236,51
5236,93
5236,94
5237,93
5238,93
5239,93
5240,137
5241,94
5242,87
5243,51
5244,115
5245,51
5246,51
5247,112
5248,73
5249,73
5250,51
5251,123
5252,89
5253,140
5254,47
5255,51
5255,137
5256,51
5257,160
5258,94
5259,51
5260,51
5261,94
5262,23
5263,23
5264,35
5264,40
5264,51
5264,89
5264,140
5265,35
5265,40
5265,51
5265,89
5265,140
5266,35
5266,40
5266,51
5266,89
5266,140
5267,47
5268,6
5269,40
5270,40
5271,35
5272,94
5273,94
5274,99
5275,73
5276,139
5277,23
5278,51
5278,140
5279,23
5279,139
5280,64
5281,51
5281,64
5282,56
5283,56
5284,51
5285,56
5286,56
5287,137
5288,137
5289,137
5290,56
5291,56
5292,56
5292,140
5293,56
5294,56
5295,140
5296,129
5297,94
5298,51
5299,51
5300,94
5301,27
5302,27
5303,40
5304,51
5305,137
5306,40
5307,139
5308,51
5309,51
5310,23
5310,140
5311,56
5312,51
5313,35
5314,51
5315,123
5316,51
5317,51
5318,51
5319,51
5320,51
5321,51
5322,51
5323,51
5324,51
5325,51
5326,51
5327,51
5328,51
5329,51
5330,51
5331,51
5332,51
5333,51
5334,51
5335,51
5336,51
5337,51
5338,51
5339,51
5340,51
5341,51
5342,51
5344,51
5345,51
5346,70
5346,94
5347,70
5348,93
5349,56
5350,56
5351,51
5352,94
5353,51
5353,94
5353,139
5353,140
5354,40
5354,51
5355,26
5356,51
5356,112
5357,26
5357,40
5358,56
5359,140
5360,140
5361,51
5362,140
5363,139
5364,51
5364,109
5365,6
5366,40
5367,51
5368,6
5369,123
5370,55
5371,137
5372,51
5373,51
5374,47
5376,51
5377,51
5378,51
5379,51
5380,51
5381,51
5382,51
5383,51
5384,26
5385,26
5386,93
5387,55
5388,51
5389,51
5390,51
5391,51
5392,137
5393,40
5394,6
5395,55
5396,51
5397,51
5398,51
5399,35
5400,55
5401,55
5402,51
5403,51
5404,89
5406,109
5407,109
5409,94
5410,55
5411,51
5412,51
5413,51
5414,51
5415,51
5416,51
5417,35
5417,41
5417,51
5417,109
5418,51
5419,51
5419,140
5420,13
5421,56
5422,51
5423,51
5424,40
5425,40
5426,27
5427,26
5428,51
5429,23
5430,51
5431,51
5432,51
5433,51
5434,51
5435,51
5436,74
5437,51
5438,109
5439,137
5440,40
5441,137
5442,137
5444,35
5444,137
5445,51
5446,51
5447,51
5448,35
5448,51
5448,89
5449,51
5450,47
5451,27
5452,51
5453,51
5454,55
5455,51
5456,35
5457,51
5458,40
5459,55
5460,51
5461,140
5462,140
5463,140
5465,87
5466,94
5467,51
5468,51
5469,35
5470,74
5471,137
5472,137
5473,94
5474,51
5476,13
5477,137
5478,99
5479,50
5480,47
5480,90
5481,47
5482,55
5483,13
5484,47
5485,51
5486,55
5487,115
5488,109
5489,55
5491,47
5492,127
5493,55
5494,123
5495,47
5496,90
5497,140
5498,145
5499,47
5500,115
5501,137
5502,137
5503,140
5504,23
5504,140
5505,51
5506,51
5507,51
5508,51
5509,137
5510,137
5511,51
5512,47
5513,6
5514,6
5515,6
5515,10
5515,35
5515,51
5515,56
5515,94
5515,109
5515,123
5516,4
5516,51
5518,140
5519,3
5519,51
5520,51
5521,51
5522,51
5523,27
5524,51
5525,34
5526,93
5527,51
5528,51
5529,51
5530,51
5531,64
5532,51
5533,51
5534,51
5534,140
5535,51
5536,51
5537,51
5538,51
5539,51
5540,51
5541,35
5542,35
5542,47
5542,51
5542,56
5543,51
5544,51
5545,51
5546,51
5547,64
5549,51
5551,51
5552,51
5553,51
5554,47
5554,56
5554,73
5555,51
5556,109
5557,51
5558,51
5559,137
5560,51
5561,6
5562,26
5563,64
5564,51
5565,51
5566,137
5567,51
5568,137
5569,89
5570,137
5571,51
5572,94
5573,51
5574,51
5575,51
5576,51
5577,35
5578,51
5579,51
5580,51
5581,51
5582,51
5582,89
5583,51
5584,94
5585,51
5587,51
5588,51
5588,55
5589,35
5589,51
5589,55
5589,67
5590,94
5591,51
5592,109
5593,51
5594,51
5595,35
5596,27
5596,51
5597,138
5600,34
5601,35
5602,55
5603,35
5605,35
5606,51
5607,94
5608,51
5610,109
5611,40
5612,51
5613,106
5614,94
5615,41
5616,51
5617,26
5618,51
5619,51
5620,27
5620,112
5621,28
5622,40
5623,56
5624,26
5625,40
5626,40
5627,27
5628,112
5629,27
5630,55
5631,27
5632,35
5633,137
5634,112
5635,27
5636,27
5637,137
5638,137
5639,137
5640,40
5640,137
5641,51
5641,137
5642,137
5643,51
5643,137
5644,137
5645,27
5646,26
5647,109
5648,51
5649,51
5650,51
5651,51
5652,160
5653,51
5654,40
5656,94
5657,27
5658,70
5659,41
5660,94
5661,35
5662,94
5663,109
5665,35
5666,137
5667,137
5668,56
5669,51
5671,51
5672,137
5673,51
5674,109
5675,51
5676,51
5677,35
5678,51
5679,140
5680,51
5681,51
5682,51
5683,51
5684,23
5685,51
5686,94
5687,51
5688,51
5689,51
5691,51
5692,51
5693,51
5694,51
5695,137
5696,137
5697,40
5698,137
5699,55
5701,140
5702,51
5703,51
5704,51
5705,51
5706,51
5707,51
5708,51
5709,51
5710,47
5711,137
5712,23
5713,40
5715,51
5717,137
5718,109
5719,47
5720,51
5721,40
5722,51
5723,109
5724,93
5725,51
5726,51
5727,51
5728,51
5729,109
5730,109
5731,51
5732,51
5733,51
5734,35
5734,51
5736,51
5737,51
5738,137
5739,51
5740,137
5741,51
5742,35
5742,51
5743,55
5744,64
5745,27
5746,55
5747,40
5748,51
5749,137
5750,94
5751,51
5752,51
5753,51
5754,51
5755,56
5756,51
5757,51
5758,94
5759,35
5760,51
5761,40
5762,51
5762,137
5763,94
5764,26
5765,51
5766,137
5767,56
5768,51
5769,51
5770,137
5771,51
5772,137
5773,35
5773,55
5774,51
5775,51
5776,129
5777,129
5778,129
5779,129
5780,51
5781,35
5782,129
5783,129
5784,129
5785,129
5786,129
5787,129
5788,129
5789,129
5790,129
5791,129
5792,129
5793,129
5794,129
5795,129
5796,129
5798,51
5799,51
5801,68
5802,68
5803,51
5804,51
5805,51
5806,51
5807,51
5808,31
5809,31
5809,68
5810,40
5810,51
5810,67
5810,161
5810,162
5811,64
5812,64
5813,64
5814,51
5814,109
5815,51
5816,51
5816,109
5817,51
5817,55
5818,51
5819,51
5821,51
5822,51
5823,51
5824,51
5824,109
5825,51
5826,56
5827,56
5828,56
5829,51
5829,111
5830,51
5831,51
5832,51
5833,140
5834,94
5835,23
5835,140
5836,140
5837,140
5838,140
5839,51
5840,51
5841,51
5842,35
5842,40
5842,51
5843,51
5843,55
5844,48
5844,55
5844,56
5845,51
5845,64
5845,109
5846,27
5847,27
5848,27
5849,27
5850,27
5851,27
5852,27
5853,27
5854,27
5855,27
5856,27
5857,27
5858,27
5859,27
5860,27
5861,27
5862,27
5863,27
5864,27
5865,56
5866,56
5867,47
5868,51
5869,12
5870,109
5871,163
5872,12
5873,163
5874,118
5875,51
5875,163
5876,50
5877,139
5877,140
5878,163
5879,118
5880,118
5881,118
5882,118
5882,163
5883,118
5884,118
5885,118
5886,26
5886,51
5887,26
5888,140
5889,51
5889,109
5889,139
5889,140
5890,94
5891,51
5892,51
5893,40
5894,35
5894,55
5895,56
5895,109
5896,6
5897,35
5897,137
5898,35
5898,137
5899,51
5900,51
5901,46
5901,51
5902,51
5902,109
5903,56
5904,51
5905,23
5905,51
5906,51
5907,35
5908,94
5909,51
5910,23
5911,51
5912,35
5912,51
5913,51
5914,35
5914,51
5915,109
5916,51
5917,51
5918,51
5919,51
5920,51
5921,51
5922,51
5923,51
5924,51
5925,56
5926,56
5927,56
5928,51
5929,51
5930,94
5930,126
5931,49
5932,51
5933,51
5934,51
5935,51
5936,94
5937,51
5938,94
5938,126
5939,26
5939,51
5940,13
5941,26
5942,51
5943,51
5944,37
5944,51
5945,163
5946,157
5947,109
5948,35
5948,51
5948,55
5948,94
5949,13
5950,47
5951,47
5952,56
5952,137
5953,56
5953,137
5955,56
5956,56
5956,137
5957,56
5957,137
5958,56
5959,56
5960,56
5961,56
5962,56
5962,137
5963,51
5964,140
5965,56
5966,56
5967,56
5967,137
5968,56
5968,137
5969,56
5969,137
5970,56
5970,137
5971,56
5972,56
5973,51
5973,56
5974,56
5974,137
5975,56
5977,137
5978,56
5979,94
5980,51
5981,51
5982,26
5983,26
5984,35
5984,137
5985,112
5986,35
5986,51
5987,23
5988,35
5989,56
5990,51
5990,109
5991,51
5992,51
5993,51
5994,51
5995,94
5996,51
5997,56
5997,137
5998,56
5998,137
5999,56
5999,137
6000,56
6001,56
6002,56
6002,137
6003,51
6004,56
6005,56
6006,56
6006,137
6007,56
6008,56
6009,56
6010,56
6011,56
6011,137
6012,56
6013,56
6013,137
6014,56
6015,51
6016,56
6017,56
6018,56
6019,56
6020,35
6021,56
6022,56
6023,56
6024,56
6025,56
6026,56
6027,56
6027,137
6029,56
6029,137
6030,56
6030,137
6032,56
6033,56
6034,40
6035,18
6036,137
6037,51
6038,40
6039,40
6040,51
6041,40
6041,137
6042,40
6042,137
6043,46
6043,51
6044,56
6045,51
6046,56
6047,51
6048,40
6048,51
6050,140
6051,40
6051,51
6052,35
6052,137
6053,94
6054,51
6055,94
6056,40
6057,40
6057,51
6058,51
6058,137
6059,51
6059,137
6060,51
6061,51
6062,51
6063,51
6064,51
6065,51
6066,64
6067,51
6068,51
6069,35
6070,94
6071,51
6073,51
6074,51
6075,51
6076,118
6077,35
6077,51
6078,51
6079,51
6080,51
6081,35
6081,51
6081,56
6081,109
6082,51
6083,140
6084,51
6085,51
6086,35
6086,51
6086,67
6087,51
6088,51
6089,51
6090,51
6091,51
6092,51
6093,82
6094,51
6095,51
6096,46
6097,51
6098,51
6098,167
6099,51
6100,35
6101,51
6102,51
6103,51
6104,51
6105,51
6106,51
6107,51
6108,23
6109,51
6110,51
6111,6
6112,51
6113,51
6114,94
6115,56
6116,51
6117,51
6117,140
6118,35
6118,89
6119,89
6120,51
6121,51
6122,51
6123,51
6124,51
6125,51
6126,51
6127,56
6128,51
6129,140
6130,56
6131,94
6132,94
6133,51
6134,94
6135,94
6136,94
6137,51
6138,94
6138,126
6139,23
6140,89
6141,94
6142,94
6143,94
6144,56
6145,140
6145,163
6146,23
6147,51
6148,51
6149,35
6149,137
6150,51
6151,51
6152,51
6153,35
6153,137
6154,51
6154,109
6155,51
6156,51
6157,51
6157,137
6158,109
6159,40
6160,35
6160,137
6161,51
6162,51
6163,51
6163,137
6165,93
6166,51
6167,51
6168,137
6169,109
6170,51
6170,91
6171,51
6172,56
6173,51
6175,51
6176,51
6176,112
6177,51
6178,137
6179,94
6180,126
6181,94
6182,94
6183,94
6184,35
6185,35
6185,51
6186,40
6186,51
6187,51
6188,51
6189,71
6190,51
6191,35
6191,40
6191,41
6191,51
6191,123
6192,51
6193,51
6194,51
6195,51
6196,40
6196,109
6197,51
6197,109
6198,51
6199,35
6199,40
6199,51
6199,56
6199,67
6199,94
6199,109
6200,56
6201,35
6201,137
6202,51
6203,51
6204,47
6205,47
6206,47
6206,115
6207,47
6208,137
6209,47
6210,47
6211,137
6212,137
6213,137
6214,47
6215,47
6216,90
6217,90
6218,47
6219,115
6220,145
6221,47
6222,139
6223,40
6224,47
6224,56
6225,94
6226,51
6227,51
6228,94
6229,94
6230,51
6231,26
6232,51
6233,51
6234,137
6235,47
6236,47
6237,47
6238,47
6239,47
6240,109
6241,35
6243,137
6244,27
6245,51
6246,94
6247,51
6248,51
6249,51
6250,113
6250,142
6251,134
6252,94
6253,47
6254,51
6255,137
6256,47
6257,47
6258,123
6259,139
6260,140
6261,140
6262,140
6263,51
6263,140
6264,140
6265,140
6266,64
6267,64
6268,51
6269,51
6270,47
6271,47
6272,94
6273,34
6274,34
6274,51
6275,51
6276,51
6277,73
6278,51
6278,140
6279,51
6280,51
6281,51
6282,51
6283,51
6284,51
6284,56
6284,89
6285,56
6286,56
6287,56
6288,56
6289,56
6290,35
6290,51
6290,56
6290,64
6290,109
6291,13
6292,13
6293,51
6294,8
6295,8
6296,8
6297,94
6298,51
6299,51
6300,115
6300,145
6301,35
6302,51
6303,51
6304,51
6305,51
6306,140
6307,51
6308,51
6309,51
6309,94
6310,94
6311,94
6312,23
6312,51
6313,56
6314,51
6314,56
6315,56
6316,56
6317,127
6318,47
6319,40
6320,40
6321,40
6323,139
6325,140
6326,140
6327,94
6328,51
6329,73
6330,73
6331,50
6331,51
6332,94
6333,94
6334,113
6334,142
6335,51
6335,113
6335,142
6336,34
6336,113
6336,142
6337,34
6337,113
6337,142
6338,113
6338,142
6339,113
6339,142
6340,113
6340,142
6341,113
6341,142
6342,113
6342,142
6343,113
6343,142
6344,113
6344,142
6345,113
6345,142
6346,51
6347,34
6348,94
6349,47
6350,51
6351,51
6352,51
6352,64
6352,139
6353,51
6354,51
6356,51
6357,55
6357,139
6358,51
6359,40
6360,113
6361,51
6362,55
6363,93
6367,51
6367,109
6368,51
6368,137
6369,94
6370,94
6371,94
6372,94
6373,51
6373,137
6374,51
6374,137
6375,51
6376,40
6377,47
6378,51
6378,166
6379,94
6380,94
6381,94
6383,94
6384,94
6385,50
6386,51
6387,51
6388,49
6389,51
6390,137
6391,140
6392,51
6393,51
6394,113
6394,142
6395,94
6396,40
6397,51
6398,94
6399,94
6400,51
6400,55
6401,51
6401,94
6402,23
6402,51
6402,94
6403,51
6403,94
6404,51
6404,113
6404,142
6405,51
6405,142
6406,113
6406,142
6407,113
6407,142
6412,51
6413,50
6414,118
6415,51
6416,118
6417,118
6418,73
6419,94
6420,94
6421,137
6422,140
6423,109
6424,51
6425,48
6426,140
6427,140
6428,23
6428,140
6429,140
6430,139
6431,56
6431,162
6432,137
6433,51
6434,51
6434,137
6435,51
6436,109
6437,81
6438,51
6439,51
6440,51
6441,56
6442,51
6443,56
6444,51
6445,51
6446,123
6447,51
6448,51
6449,51
6450,51
6451,51
6452,26
6453,106
6454,28
6455,137
6456,35
6456,51
6457,26
6458,35
6459,93
6460,26
6461,51
6462,94
6463,51
6464,26
6465,89
6466,26
6467,40
6467,51
6468,51
6469,51
6470,51
6471,94
6472,26
6472,106
6473,40
6474,94
6474,128
6475,34
6476,51
6477,51
6478,140
6479,82
6480,94
6481,93
6482,51
6483,51
6484,94
6485,106
6486,40
6486,98
6486,157
6487,51
6488,51
6489,51
6489,137
6490,51
6491,51
6492,94
6493,51
6494,51
6495,68
6496,51
6497,94
6498,51
6499,51
6500,51
6501,51
6502,109
6503,51
6503,137
6504,51
6505,51
6506,34
6507,51
6508,40
6509,51
6510,51
6511,41
6512,51
6513,51
6514,126
6515,51
6516,93
6517,6
6517,51
6518,51
6519,51
6520,94
6520,128
6521,51
6522,94
6523,51
6524,35
6525,34
6526,26
6527,51
6528,51
6529,94
6530,82
6531,51
6533,51
6534,51
6536,35
6537,109
6538,94
6539,35
6540,51
6541,51
6541,94
6542,94
6543,51
6544,40
6545,51
6546,94
6547,56
6548,93
6550,51
6551,51
6552,89
6553,89
6555,51
6556,49
6557,40
6558,51
6558,137
6559,51
6560,51
6561,51
6562,26
6565,26
6566,26
6567,26
6568,26
6569,35
6570,35
6573,109
6574,51
6575,26
6576,93
6577,51
6578,94
6579,94
6580,94
6581,94
6582,26
6583,51
6584,51
6585,51
6586,51
6587,51
6588,94
6589,94
6590,51
6591,26
6592,26
6594,26
6595,26
6596,26
6597,26
6599,26
6600,40
6600,88
6600,134
6601,51
6602,26
6603,27
6603,51
6604,26
6605,26
6606,94
6607,94
6608,94
6609,94
6610,94
6610,137
6611,94
6612,137
6613,94
6614,94
6615,126
6616,51
6617,35
6617,51
6618,51
6619,41
6619,94
6620,26
6621,26
6622,26
6623,26
6624,26
6625,26
6626,26
6627,26
6628,51
6629,51
6630,51
6631,51
6632,51
6633,94
6634,94
