FilmID,OriginID
35,128
36,128
37,132
37,190
38,42
39,42
40,42
47,42
49,42
50,124
53,165
54,166
56,134
58,135
59,24
59,28
59,59
59,65
59,124
60,82
61,28
62,137
64,138
65,162
66,139
67,89
67,140
68,122
68,141
69,142
70,65
70,143
71,49
72,42
73,42
73,49
73,144
74,81
74,144
75,152
76,281
77,153
78,1588
80,28
80,153
81,24
82,164
83,81
83,144
84,118
85,146
86,18
87,1497
88,148
89,140
90,58
92,53
92,167
94,65
95,153
96,117
97,164
98,28
100,65
102,42
103,151
104,28
105,81
106,24
107,65
109,152
110,21
111,153
112,21
113,146
114,28
115,149
115,177
116,146
117,146
119,146
119,149
119,177
119,179
120,146
121,146
124,28
126,24
127,28
128,124
129,155
130,65
131,21
134,24
135,157
136,81
137,89
138,151
139,140
140,162
141,159
142,117
143,1539
144,42
145,66
147,11
148,11
149,11
150,11
151,11
152,11
153,11
155,11
156,65
157,65
162,89
164,140
169,162
171,164
172,11
173,168
174,40
175,65
176,155
178,124
179,51
179,169
180,65
180,170
181,171
182,171
184,21
185,28
186,173
187,162
188,295
189,175
190,155
192,162
193,155
194,162
195,21
196,65
197,155
198,124
199,162
200,176
201,28
202,177
203,178
204,157
205,177
206,162
207,179
208,180
209,181
210,181
211,28
212,182
213,21
213,28
213,59
213,124
213,183
213,402
214,21
215,184
216,175
217,162
218,186
219,40
221,59
221,124
221,187
222,21
223,65
224,32
224,162
225,155
225,188
226,42
226,189
227,65
229,11
230,155
231,190
232,140
233,21
234,42
235,21
236,21
237,21
238,9
239,59
240,28
241,21
242,146
243,191
244,192
245,193
246,164
247,81
248,21
249,21
249,52
250,28
252,28
253,66
254,28
256,21
257,194
258,195
259,28
260,196
261,20
261,22
262,188
263,441
264,130
265,177
266,414
267,190
268,162
269,177
269,1461
270,65
270,198
271,40
271,146
272,124
273,162
274,59
275,28
276,28
276,199
277,28
277,199
278,28
278,199
279,28
280,28
281,11
281,42
281,65
281,200
282,201
283,28
284,202
285,203
286,40
287,162
288,162
289,28
289,124
289,177
290,21
291,204
292,29
292,65
293,28
294,28
295,155
296,155
297,155
298,155
299,155
300,155
301,155
302,155
303,155
304,155
305,155
306,155
307,155
307,381
309,155
310,155
311,155
312,155
313,89
314,89
315,89
316,89
318,89
318,140
319,162
320,21
320,190
321,408
322,152
323,59
324,59
325,205
326,59
327,162
328,59
329,59
330,159
331,159
332,159
333,159
334,159
335,159
336,159
337,159
338,159
339,206
340,89
340,140
341,207
342,140
343,140
345,140
346,140
347,140
348,140
349,140
350,140
351,140
352,140
356,140
357,140
358,140
359,140
360,140
361,140
362,140
363,140
364,140
365,140
365,208
366,140
366,208
367,140
367,208
368,140
368,208
369,140
369,208
370,140
370,208
371,140
371,208
372,140
372,208
373,140
374,140
375,140
376,140
377,140
378,140
379,140
380,140
381,140
382,140
383,140
384,140
385,140
386,140
387,140
388,140
389,140
390,140
391,140
392,140
393,89
393,140
393,159
395,140
396,140
397,140
398,140
399,140
400,140
401,140
402,159
403,140
404,140
405,140
406,140
407,140
408,140
409,140
410,140
411,209
412,140
413,140
414,140
414,210
415,211
416,140
416,211
417,140
418,140
419,140
420,140
421,140
422,140
423,166
426,166
427,166
428,166
429,31
430,31
431,42
432,31
433,42
434,42
435,42
436,42
437,42
438,42
439,42
440,42
442,42
443,42
444,42
445,42
446,42
447,41
447,42
448,42
449,42
449,212
450,42
451,42
452,42
453,42
454,42
455,42
456,42
457,42
458,124
459,28
460,162
461,177
462,162
463,65
464,7
465,42
466,42
467,42
469,11
470,11
471,11
471,213
472,11
473,11
474,11
475,11
475,215
476,11
476,216
477,11
477,217
478,11
478,217
479,98
480,11
481,11
482,11
482,218
483,11
484,11
485,11
486,11
487,11
488,11
489,11
491,11
491,219
492,11
493,11
494,11
495,11
496,11
497,11
498,11
500,65
501,65
502,65
503,65
504,65
505,65
506,65
508,65
509,65
510,65
511,65
512,65
512,220
513,65
514,65
515,65
516,65
517,65
518,65
519,65
520,65
521,65
522,65
522,221
523,65
523,222
524,65
525,28
525,65
525,124
525,140
525,155
526,168
528,21
529,21
530,21
530,28
531,146
532,124
533,28
534,24
535,326
536,28
537,28
538,24
539,40
540,81
541,28
542,175
543,28
544,28
545,28
547,65
548,65
549,65
549,223
550,65
551,65
552,65
553,65
553,224
554,65
555,65
556,65
556,225
557,59
558,65
559,65
561,65
562,65
563,59
564,65
564,226
565,65
566,59
567,65
568,59
569,65
569,228
570,65
570,229
571,59
572,65
573,40
574,65
576,40
577,65
578,65
579,40
580,65
581,65
582,65
583,65
584,40
585,40
586,40
587,40
588,40
589,40
590,40
591,40
592,40
593,40
594,40
595,40
597,124
598,59
600,40
602,117
605,268
606,117
607,124
608,124
609,124
610,124
611,124
612,124
613,65
614,65
615,65
616,65
617,65
618,65
619,65
623,124
625,124
626,408
627,124
628,124
629,124
632,34
632,65
632,230
632,408
633,65
634,65
635,28
635,65
636,65
637,231
638,65
640,232
642,58
642,408
645,233
645,234
646,3
647,66
648,53
649,41
649,50
649,414
651,235
652,19
653,124
654,27
655,124
656,124
657,124
658,124
659,162
660,65
661,65
662,65
663,65
664,65
664,152
665,65
666,65
667,65
668,65
669,65
670,65
671,65
672,65
674,65
675,65
676,65
677,65
678,65
679,65
680,65
681,65
682,65
683,65
684,65
685,65
686,65
687,65
688,65
689,65
690,65
691,124
692,124
693,124
694,124
695,124
697,124
698,21
699,124
700,124
701,53
703,124
704,65
705,65
706,65
707,65
708,65
709,65
710,65
711,65
712,65
713,12
713,65
714,65
715,65
716,49
716,65
717,65
718,65
719,65
720,65
720,1446
721,65
722,65
724,65
725,65
726,65
727,65
728,65
730,65
731,65
732,65
733,236
734,65
735,28
736,28
737,28
738,28
739,28
740,28
741,28
742,28
743,28
744,28
745,28
746,28
747,65
749,65
750,65
751,65
752,65
753,66
754,66
755,49
756,49
757,49
758,49
759,49
761,49
762,49
763,49
764,49
765,49
766,49
767,49
767,238
769,49
770,65
771,239
772,65
773,65
774,65
775,65
776,65
777,240
778,36
778,40
778,65
778,124
779,65
780,65
781,65
782,65
783,65
784,65
785,65
786,65
787,65
788,65
789,124
790,124
791,117
792,117
793,117
794,117
795,117
796,117
797,117
798,117
799,117
800,117
801,117
802,117
803,117
804,117
805,117
806,117
807,117
808,117
809,117
810,117
811,175
812,175
813,175
814,175
815,175
816,175
817,175
818,175
819,175
820,175
821,175
822,175
823,175
824,175
825,175
826,175
827,175
828,175
829,175
830,65
831,65
832,65
833,65
834,65
835,65
836,65
836,241
837,65
838,65
839,65
840,65
841,65
842,65
843,65
844,65
845,65
846,65
847,65
848,65
849,11
849,42
849,65
850,65
851,65
852,65
853,65
854,65
855,124
856,124
857,65
858,408
859,408
861,408
862,65
863,65
864,65
865,65
865,152
866,65
867,65
868,28
869,40
870,9
871,124
872,65
873,59
874,11
874,21
875,29
876,124
877,175
878,65
879,65
880,65
881,65
882,65
883,65
884,65
885,21
886,124
887,65
888,65
889,65
890,65
891,65
892,65
893,65
894,65
895,49
896,49
897,49
898,49
899,21
900,21
901,21
902,21
903,21
904,21
905,21
906,21
907,21
908,21
909,21
910,21
911,21
912,21
913,21
914,21
916,21
917,21
920,21
921,21
922,21
923,21
924,21
925,21
926,21
927,21
928,21
929,21
931,21
933,24
934,24
935,24
936,24
937,24
938,24
939,24
940,24
941,24
942,24
943,24
944,24
945,24
946,24
947,24
948,24
949,24
950,24
951,24
952,24
954,24
955,24
956,24
957,24
958,65
959,65
960,65
961,65
962,65
963,65
964,65
965,65
966,65
967,65
968,58
968,65
969,28
969,40
969,65
969,155
969,175
969,187
970,65
971,42
971,190
972,24
973,196
974,196
975,196
976,196
977,196
978,196
979,196
980,18
981,18
981,82
981,157
982,246
983,40
984,177
985,247
988,276
989,262
990,272
991,272
992,255
993,260
994,149
995,7
995,277
996,253
997,253
998,253
999,253
1000,253
1001,253
1002,253
1003,253
1004,253
1005,268
1006,268
1007,268
1008,196
1009,196
1010,196
1011,164
1012,164
1013,164
1014,164
1015,164
1016,155
1016,164
1017,164
1018,164
1019,177
1020,278
1021,11
1022,190
1023,190
1024,190
1025,190
1026,190
1027,190
1028,190
1030,176
1031,190
1033,12
1033,65
1034,186
1035,177
1036,11
1036,326
1037,11
1037,326
1038,65
1038,279
1039,164
1040,164
1041,164
1042,164
1043,164
1044,164
1045,164
1046,164
1047,164
1048,164
1049,164
1050,164
1051,164
1052,164
1053,164
1054,164
1055,164
1056,164
1057,164
1058,164
1059,164
1060,164
1061,164
1062,164
1063,164
1064,11
1065,11
1066,11
1067,11
1068,11
1069,11
1070,11
1071,11
1072,11
1073,28
1074,9
1075,162
1076,177
1077,162
1078,164
1079,164
1080,164
1081,164
1082,164
1083,164
1084,164
1085,190
1086,190
1087,177
1088,177
1089,177
1090,177
1091,177
1093,177
1094,177
1095,177
1096,179
1097,179
1098,179
1099,119
1099,252
1100,119
1100,252
1101,119
1101,252
1102,119
1102,252
1103,119
1103,252
1104,176
1105,176
1106,176
1107,176
1108,146
1109,146
1110,146
1111,146
1112,146
1115,146
1117,146
1118,146
1119,152
1120,152
1122,81
1125,443
1128,142
1130,40
1134,90
1135,279
1136,58
1137,1577
1138,265
1140,274
1141,274
1142,1586
1143,83
1148,333
1150,40
1151,24
1152,187
1153,190
1154,259
1155,19
1156,153
1157,81
1158,89
1159,87
1161,7
1161,277
1162,69
1163,90
1164,1476
1165,1438
1167,281
1168,414
1170,28
1172,58
1173,96
1174,279
1175,280
1176,190
1177,280
1178,54
1179,190
1180,190
1181,44
1182,190
1183,1436
1184,49
1185,190
1186,49
1187,79
1187,1528
1188,190
1189,282
1190,58
1191,314
1191,317
1193,79
1194,379
1195,58
1196,81
1197,190
1198,190
1199,190
1200,190
1201,190
1202,190
1203,190
1204,81
1205,81
1206,81
1207,81
1208,81
1209,81
1210,81
1211,81
1212,81
1213,9
1214,9
1215,9
1216,9
1216,24
1216,49
1217,9
1220,40
1223,117
1228,9
1229,9
1230,9
1231,28
1232,28
1233,28
1234,28
1235,28
1236,28
1237,28
1238,28
1239,28
1240,28
1241,28
1242,28
1243,28
1244,28
1245,28
1246,28
1247,28
1248,28
1250,28
1251,28
1252,28
1253,28
1254,28
1255,28
1256,28
1257,28
1258,28
1259,28
1260,28
1261,28
1261,117
1262,28
1263,28
1264,28
1265,28
1266,28
1267,28
1271,119
1273,117
1283,65
1283,233
1285,65
1285,233
1286,155
1289,117
1290,65
1295,140
1296,323
1297,124
1298,140
1299,177
1299,1461
1301,284
1302,140
1303,177
1304,285
1306,287
1307,246
1308,59
1309,62
1310,40
1311,164
1314,28
1315,24
1316,140
1317,179
1318,81
1319,28
1320,81
1321,28
1325,140
1328,24
1329,140
1331,24
1332,28
1334,288
1335,28
1337,187
1338,24
1339,287
1340,140
1341,28
1341,153
1343,65
1347,40
1350,9
1351,281
1352,59
1353,124
1354,40
1355,190
1356,28
1357,152
1358,59
1359,40
1361,44
1362,62
1363,86
1364,187
1365,24
1366,81
1367,119
1367,252
1368,65
1369,1539
1371,1588
1372,28
1373,124
1374,81
1375,117
1376,40
1377,140
1379,59
1380,96
1382,62
1383,40
1384,153
1385,187
1386,181
1387,86
1388,289
1389,289
1390,9
1390,124
1392,117
1393,1
1394,24
1396,290
1399,1588
1401,140
1405,42
1406,21
1407,28
1408,187
1409,152
1414,140
1416,124
1417,42
1418,140
1421,40
1423,124
1429,19
1434,140
1436,81
1437,152
1438,140
1439,154
1440,153
1441,24
1442,140
1443,24
1446,292
1447,162
1449,18
1450,162
1451,177
1453,272
1455,293
1465,294
1466,42
1466,49
1466,59
1466,144
1470,162
1480,28
1481,408
1486,296
1487,122
1487,304
1489,187
1490,157
1493,140
1494,89
1494,97
1494,140
1495,140
1498,232
1499,297
1500,281
1502,81
1504,89
1507,1
1508,187
1509,24
1510,162
1511,279
1512,79
1513,298
1516,11
1516,21
1516,28
1517,162
1518,18
1519,18
1520,18
1521,40
1522,151
1523,19
1524,314
1524,317
1525,53
1525,284
1526,81
1527,40
1528,311
1529,1493
1530,1490
1531,162
1531,279
1532,299
1533,162
1535,119
1536,268
1538,40
1539,100
1544,1588
1546,59
1546,62
1546,153
1546,253
1546,287
1547,301
1548,281
1549,187
1555,178
1557,302
1566,40
1567,140
1568,140
1569,162
1571,24
1572,303
1573,122
1573,304
1574,1587
1577,96
1578,117
1578,259
1579,305
1580,1490
1581,44
1582,281
1583,89
1584,49
1585,28
1586,180
1594,306
1597,307
1604,308
1605,309
1616,92
1617,86
1620,24
1621,140
1623,153
1624,58
1625,279
1626,253
1629,88
1630,36
1631,117
1631,259
1632,69
1634,59
1636,280
1638,262
1639,255
1640,281
1641,298
1642,81
1643,19
1644,262
1646,28
1648,1456
1649,9
1650,152
1651,65
1652,1490
1653,337
1654,49
1655,66
1656,40
1658,151
1665,49
1667,21
1669,164
1669,1440
1670,177
1671,310
1673,81
1674,28
1675,311
1676,311
1679,40
1681,86
1709,312
1714,42
1715,42
1718,190
1720,379
1721,285
1722,285
1724,313
1725,317
1729,1
1730,318
1731,65
1732,190
1733,40
1734,124
1738,319
1749,188
1751,40
1752,11
1752,401
1753,24
1755,159
1758,320
1759,28
1760,122
1761,86
1762,321
1765,155
1766,155
1767,21
1767,124
1768,40
1769,175
1776,69
1780,23
1781,322
1782,419
1783,323
1784,324
1787,301
1788,155
1789,155
1790,157
1791,81
1792,196
1793,40
1795,42
1797,326
1800,21
1802,65
1806,327
1807,313
1808,328
1809,329
1810,330
1812,1498
1814,331
1815,153
1816,65
1818,11
1818,124
1818,155
1818,190
1820,29
1820,408
1821,11
1822,11
1823,11
1824,11
1825,27
1826,27
1827,155
1827,187
1828,187
1829,187
1830,28
1830,187
1831,187
1832,187
1833,79
1834,24
1834,40
1834,89
1834,117
1834,287
1835,24
1836,24
1837,24
1838,24
1839,24
1840,279
1840,332
1841,279
1841,332
1842,279
1842,332
1843,279
1843,332
1844,279
1844,332
1845,279
1845,332
1846,279
1846,332
1847,279
1847,332
1848,279
1848,332
1849,279
1850,279
1851,279
1851,332
1852,279
1853,268
1854,176
1854,259
1854,268
1855,268
1856,268
1857,268
1858,268
1859,268
1860,21
1861,89
1861,140
1862,89
1862,140
1863,89
1863,140
1864,89
1864,140
1865,89
1865,140
1866,89
1866,140
1867,140
1868,89
1868,140
1869,140
1870,28
1870,288
1871,179
1872,119
1872,252
1873,81
1874,176
1875,284
1875,437
1876,284
1877,40
1878,40
1879,124
1880,124
1881,124
1882,153
1883,117
1883,259
1884,117
1884,259
1885,7
1885,277
1886,89
1886,140
1886,1588
1887,140
1887,159
1888,140
1889,333
1891,153
1892,151
1893,162
1894,21
1895,334
1896,408
1897,1448
1899,28
1900,326
1900,1456
1900,1552
1901,82
1904,24
1906,335
1907,336
1908,89
1908,140
1910,336
1911,65
1913,337
1915,339
1917,343
1918,24
1918,65
1918,124
1919,327
1920,441
1921,344
1922,344
1923,146
1924,42
1925,333
1926,333
1927,333
1930,162
1931,153
1933,187
1934,333
1935,333
1936,345
1937,153
1939,162
1940,162
1941,140
1941,208
1942,187
1943,155
1945,40
1947,333
1948,162
1949,346
1950,346
1951,346
1952,346
1953,346
1954,346
1955,346
1956,346
1957,162
1959,162
1960,162
1961,347
1962,246
1963,140
1967,408
1968,124
1970,40
1970,155
1973,348
1974,349
1975,162
1976,196
1977,196
1978,196
1979,196
1980,196
1981,196
1982,350
1983,89
1983,140
1984,89
1984,140
1985,89
1985,140
1986,89
1986,140
1987,89
1987,140
1988,89
1988,140
1989,89
1989,140
1990,89
1990,140
1991,89
1991,140
1992,89
1992,140
1993,89
1993,140
1994,89
1994,140
1995,89
1995,140
1996,89
1996,140
1997,89
1997,140
1998,89
1998,140
1999,89
1999,140
2000,89
2000,140
2001,89
2001,140
2002,89
2002,140
2003,89
2003,140
2004,89
2004,140
2005,89
2005,140
2006,42
2008,26
2008,305
2011,162
2012,352
2013,162
2014,353
2015,353
2016,354
2017,355
2018,162
2019,356
2020,28
2020,140
2020,159
2020,175
2020,357
2021,162
2022,358
2023,358
2024,358
2025,140
2027,162
2028,359
2029,124
2029,162
2030,360
2031,361
2033,162
2034,86
2034,89
2035,362
2036,363
2037,364
2038,65
2039,9
2039,24
2039,28
2039,65
2039,153
2040,365
2041,65
2042,196
2043,65
2047,28
2047,40
2047,58
2052,65
2052,66
2056,367
2058,367
2059,367
2060,368
2064,162
2065,369
2066,9
2066,435
2067,370
2070,438
2079,371
2080,444
2083,162
2090,21
2091,372
2096,408
2098,58
2099,86
2100,21
2100,58
2100,408
2102,162
2103,373
2105,1
2106,140
2107,140
2109,232
2114,140
2115,140
2118,408
2119,319
2120,96
2120,116
2121,116
2122,82
2122,230
2123,82
2123,230
2125,376
2127,377
2128,166
2129,378
2131,408
2132,65
2135,89
2135,140
2136,89
2137,140
2138,159
2139,140
2140,259
2141,152
2143,379
2146,65
2147,380
2148,190
2149,190
2150,86
2151,65
2153,162
2154,1440
2155,146
2156,146
2157,146
2158,146
2160,162
2161,381
2163,162
2164,65
2165,162
2166,382
2167,383
2168,162
2169,21
2171,162
2172,384
2174,253
2175,259
2177,162
2178,385
2179,386
2182,49
2185,162
2191,140
2192,162
2193,128
2193,153
2194,408
2196,162
2197,162
2199,162
2201,387
2202,387
2203,387
2204,388
2205,162
2206,162
2207,162
2208,117
2208,390
2209,69
2210,69
2211,54
2211,102
2212,124
2213,21
2214,65
2215,391
2217,392
2218,162
2220,393
2221,162
2222,162
2223,394
2224,395
2225,162
2226,396
2227,396
2228,149
2229,45
2230,397
2231,398
2232,400
2233,402
2234,299
2234,397
2235,149
2236,405
2238,190
2239,42
2239,116
2239,196
2240,42
2241,42
2241,190
2241,196
2242,42
2243,10
2243,11
2243,192
2244,406
2246,124
2247,41
2247,177
2248,65
2249,65
2250,279
2251,29
2251,279
2252,35
2252,279
2253,42
2253,196
2254,190
2254,196
2255,419
2257,65
2258,65
2259,42
2260,42
2261,42
2262,42
2263,279
2264,279
2265,279
2266,279
2267,279
2268,40
2269,40
2270,40
2271,1
2271,126
2272,190
2272,196
2273,190
2273,196
2274,196
2275,162
2276,86
2276,253
2278,407
2279,28
2280,157
2282,190
2282,196
2286,89
2286,159
2287,89
2287,159
2288,22
2288,159
2289,22
2289,159
2290,22
2290,159
2291,22
2291,159
2292,22
2292,159
2298,162
2299,162
2300,392
2301,392
2302,409
2303,9
2303,40
2303,59
2303,65
2303,124
2305,410
2306,162
2306,411
2308,409
2309,409
2310,409
2312,162
2314,319
2315,11
2316,28
2318,162
2319,162
2320,162
2322,412
2323,162
2324,162
2325,162
2327,393
2328,413
2329,179
2332,392
2333,1
2334,34
2335,162
2336,196
2338,159
2338,192
2339,11
2340,327
2341,140
2341,415
2342,140
2342,415
2343,11
2343,192
2344,11
2344,28
2344,192
2345,11
2346,11
2347,28
2348,21
2348,28
2349,28
2351,196
2352,177
2353,175
2354,194
2355,293
2356,293
2357,293
2358,416
2359,416
2360,416
2361,417
2362,42
2363,152
2364,416
2365,416
2366,416
2367,416
2368,418
2369,419
2370,420
2371,420
2372,420
2373,420
2374,421
2375,419
2378,419
2379,419
2380,419
2381,423
2382,425
2383,425
2384,124
2385,420
2386,426
2387,426
2388,426
2389,426
2390,426
2391,420
2392,152
2393,420
2394,9
2394,28
2394,65
2394,124
2395,427
2396,428
2397,89
2397,140
2398,89
2398,140
2399,89
2399,140
2400,89
2400,140
2401,89
2401,140
2402,65
2403,429
2404,430
2405,268
2406,268
2407,432
2408,431
2408,432
2409,431
2409,432
2410,431
2410,432
2411,431
2411,432
2412,431
2412,432
2413,431
2413,432
2414,431
2414,432
2415,431
2415,432
2416,65
2420,433
2421,162
2423,124
2425,162
2426,162
2430,201
2432,434
2433,369
2434,155
2435,436
2437,437
2438,177
2440,439
2441,440
2442,441
2443,281
3430,18
3430,1434
3431,281
3432,40
3433,33
3434,162
3435,49
3436,96
3437,96
3438,96
3439,49
3440,49
3441,19
3442,19
3443,65
3444,124
3445,40
3447,21
3448,58
3449,44
3450,1437
3451,52
3452,52
3453,1438
3454,1438
3455,1438
3457,1439
3463,162
3464,1440
3465,81
3466,1441
3467,40
3467,124
3469,44
3470,44
3472,81
3474,65
3478,153
3482,162
3483,162
3486,11
3488,420
3493,1557
3496,1493
3497,1493
3498,1493
3499,28
3500,420
3507,1442
3508,1442
3509,1443
3512,124
3513,319
3514,28
3515,1444
3517,1445
3519,162
3520,266
3521,1447
3522,1447
3523,162
3524,255
3525,255
3526,167
3527,1448
3528,190
3531,1449
3532,377
3533,140
3534,157
3534,255
3535,179
3536,18
3537,408
3539,167
3541,232
3542,140
3546,162
3547,1451
3548,140
3549,162
3550,1496
3550,1497
3551,89
3551,140
3552,89
3552,140
3553,49
3554,162
3555,140
3558,89
3558,140
3560,162
3564,1452
3565,164
3566,155
3567,190
3568,177
3569,155
3570,59
3571,162
3573,21
3575,65
3575,223
3576,42
3579,1576
3582,65
3584,86
3587,317
3588,280
3591,151
3593,1453
3595,282
3596,151
3597,90
3598,1454
3599,253
3600,372
3601,1455
3602,7
3603,298
3604,79
3605,27
3607,1456
3608,1457
3609,36
3610,166
3614,162
3620,162
3623,1543
3624,279
3626,162
3628,96
3631,1476
3632,157
3634,317
3635,54
3636,59
3637,162
3644,117
3644,259
3646,162
3647,62
3649,364
3650,117
3650,259
3651,77
3652,177
3653,140
3654,65
3655,124
3656,319
3657,162
3658,162
3659,153
3660,1493
3662,140
3664,159
3665,21
3666,162
3668,162
3670,196
3671,1
3671,162
3672,162
3674,162
3675,18
3678,1460
3679,1460
3680,1460
3681,1460
3684,40
3685,1462
3686,11
3687,155
3688,155
3689,18
3690,18
3692,132
3692,190
3693,21
3694,28
3695,162
3697,1463
3698,177
3699,1464
3700,319
3702,162
3703,1521
3704,162
3705,192
3706,81
3707,42
3707,65
3708,162
3709,65
3710,65
3712,162
3714,301
3715,162
3717,274
3718,28
3719,162
3720,162
3721,78
3722,65
3723,162
3724,162
3725,162
3726,196
3727,162
3729,28
3730,28
3731,28
3733,144
3733,162
3734,1467
3735,201
3736,162
3737,162
3738,162
3738,177
3739,162
3740,162
3741,1465
3743,66
3748,162
3749,162
3750,28
3751,59
3752,9
3752,11
3752,21
3752,28
3752,65
3752,124
3753,155
3755,162
3756,162
3757,162
3760,1466
3762,162
3763,162
3764,433
3765,162
3766,162
3767,162
3769,1468
3770,1467
3771,1467
3778,162
3779,162
3780,28
3781,162
3782,162
3783,162
3785,9
3786,65
3787,253
3788,1470
3789,162
3790,1
3791,28
3795,337
3796,54
3798,9
3798,24
3798,28
3798,65
3799,21
3799,65
3800,9
3800,65
3800,124
3800,187
3801,21
3802,162
3803,65
3804,162
3806,155
3807,381
3808,1469
3809,1469
3810,24
3810,65
3811,162
3812,162
3813,162
3818,28
3818,65
3818,124
3820,162
3821,162
3822,319
3823,176
3823,333
3824,117
3824,259
3830,162
3832,40
3832,124
3832,341
3833,65
3834,1472
3835,1472
3836,162
3840,151
3841,162
3842,155
3843,65
3844,1473
3844,1474
3845,1475
3846,65
3847,319
3848,28
3848,65
3849,1440
3850,162
3851,11
3853,162
3854,24
3855,124
3856,79
3857,40
3858,279
3859,81
3860,7
3861,177
3865,153
3866,65
3867,28
3867,196
3868,28
3869,65
3870,124
3871,66
3872,164
3873,162
3877,162
3879,162
3880,124
3881,40
3882,65
3883,65
3886,420
3887,162
3888,128
3889,65
3890,65
3892,65
3893,65
3894,65
3895,155
3896,155
3897,155
3898,155
3899,155
3900,155
3901,155
3902,155
3903,155
3904,155
3905,155
3906,155
3907,155
3908,155
3909,155
3910,155
3911,155
3912,155
3913,155
3914,155
3915,155
3916,155
3917,155
3918,155
3919,155
3920,155
3921,155
3922,155
3923,155
3924,155
3925,155
3926,155
3927,155
3928,155
3929,155
3930,155
3931,155
3932,155
3933,155
3934,155
3935,155
3936,155
3937,155
3938,155
3939,155
3940,155
3941,155
3942,155
3943,155
3944,155
3945,155
3946,155
3947,155
3948,155
3949,162
3950,21
3951,21
3952,11
3952,21
3953,11
3953,192
3954,128
3955,128
3956,28
3956,162
3957,162
3958,155
3959,162
3960,162
3961,187
3962,190
3963,28
3963,65
3963,69
3963,117
3963,379
3964,162
3965,162
3966,1476
3967,1476
3968,1476
3970,1477
3971,1478
3972,1479
3973,1480
3974,295
3975,65
3976,40
3976,42
3977,162
3978,65
3979,65
3980,11
3980,1481
3981,1472
3982,40
3983,408
3984,408
3985,1482
3986,81
3987,11
3987,28
3988,28
3989,28
3989,187
3990,177
3991,128
3992,65
3993,124
3993,146
3994,28
3995,21
3996,65
3997,11
3997,65
3998,11
3999,11
4000,11
4001,11
4002,11
4003,11
4005,1483
4006,121
4007,1483
4009,1483
4010,1483
4011,1483
4012,101
4013,108
4014,146
4014,155
4014,177
4014,272
4015,109
4016,1484
4021,388
4022,162
4023,124
4024,140
4025,155
4026,28
4027,162
4029,107
4031,107
4031,110
4036,28
4037,28
4038,28
4039,9
4040,28
4041,187
4042,175
4043,175
4044,162
4045,42
4046,18
4047,346
4049,65
4050,65
4051,42
4052,40
4053,65
4054,65
4055,65
4056,42
4057,42
4058,42
4059,42
4060,40
4061,40
4062,162
4066,135
4067,246
4068,246
4069,246
4070,246
4071,246
4072,246
4077,40
4077,42
4077,65
4077,124
4078,65
4079,65
4080,65
4081,65
4082,65
4083,65
4084,65
4085,81
4087,124
4088,124
4089,124
4090,54
4090,175
4090,177
4091,151
4092,151
4093,151
4094,9
4094,28
4094,40
4094,42
4094,65
4094,124
4095,1485
4096,27
4097,11
4098,42
4099,21
4100,140
4101,162
4102,162
4103,162
4104,49
4105,1486
4106,196
4107,40
4108,42
4109,432
4110,432
4111,432
4112,162
4114,431
4114,432
4115,432
4116,432
4117,432
4118,333
4119,65
4120,162
4121,162
4122,49
4122,61
4122,177
4123,42
4123,177
4123,1461
4124,7
4126,1487
4127,1476
4128,65
4128,124
4128,177
4129,21
4130,162
4131,124
4132,383
4133,162
4134,40
4135,40
4136,40
4137,40
4138,40
4139,40
4140,40
4141,28
4141,40
4141,81
4142,40
4144,40
4145,40
4146,40
4147,40
4149,40
4150,40
4152,40
4154,40
4157,40
4158,40
4159,40
4160,40
4161,40
4162,40
4163,40
4164,40
4165,40
4166,40
4167,40
4167,124
4168,40
4168,65
4168,124
4169,40
4170,28
4170,40
4170,59
4170,187
4171,40
4172,40
4174,162
4175,65
4176,11
4177,11
4178,11
4179,146
4180,146
4181,146
4182,1488
4183,1489
4184,11
4184,1489
4185,362
4186,362
4187,362
4189,362
4191,362
4192,362
4193,28
4193,49
4193,124
4194,362
4195,362
4196,362
4197,288
4197,341
4197,362
4198,65
4199,89
4200,162
4201,162
4202,162
4203,18
4204,298
4205,298
4206,18
4207,42
4209,21
4210,21
4211,162
4212,162
4213,11
4213,65
4214,28
4215,65
4216,162
4217,29
4218,140
4219,162
4220,21
4221,187
4222,124
4228,90
4230,1497
4231,28
4233,177
4233,190
4234,86
4234,108
4236,1498
4237,1499
4238,1500
4240,28
4240,190
4242,28
4243,28
4244,179
4245,166
4246,81
4247,1490
4248,1490
4249,1490
4250,117
4252,140
4256,180
4257,281
4258,281
4261,379
4262,18
4263,41
4264,89
4265,146
4266,40
4267,1
4267,68
4268,1
4268,68
4269,420
4270,420
4271,1501
4275,24
4275,40
4275,117
4275,124
4275,146
4275,155
4275,187
4275,408
4276,40
4276,124
4276,155
4277,40
4277,124
4277,187
4281,144
4283,96
4283,116
4284,9
4285,9
4285,155
4285,175
4286,69
4290,28
4290,42
4291,21
4292,11
4294,1502
4295,40
4296,40
4296,155
4297,40
4297,155
4298,28
4299,28
4300,65
4301,177
4302,333
4303,28
4304,1497
4305,1497
4306,1497
4307,1497
4308,1497
4311,1497
4312,1497
4313,431
4313,432
4314,421
4315,421
4316,188
4316,1497
4317,1497
4318,432
4319,1497
4320,85
4325,1505
4327,1506
4328,1492
4328,1507
4328,1542
4330,1510
4332,1512
4333,1543
4334,1513
4335,1514
4344,1518
4345,1
4346,1498
4348,24
4351,408
4352,164
4356,1520
4364,1521
4368,1
4368,1522
4370,28
4371,27
4372,124
4375,187
4376,381
4377,162
4378,162
4379,1524
4380,1525
4381,1526
4382,162
4383,54
4384,53
4385,90
4386,339
4387,317
4388,151
4389,379
4390,79
4391,28
4392,52
4393,19
4394,49
4395,79
4395,1528
4396,40
4397,281
4398,59
4399,69
4400,9
4401,298
4402,81
4403,279
4404,65
4405,73
4406,117
4407,1529
4408,1530
4410,1531
4412,177
4413,146
4414,167
4415,65
4415,230
4417,58
4417,118
4421,319
4422,122
4423,135
4425,89
4425,140
4428,44
4429,1532
4430,233
4433,81
4445,314
4451,408
4452,1498
4452,1533
4453,1498
4453,1534
4457,1502
4457,1534
4458,230
4463,1536
4470,162
4473,1537
4474,21
4475,20
4475,23
4476,63
4478,12
4478,29
4478,408
4482,1
4482,24
4484,1
4484,414
4485,42
4486,27
4487,62
4488,20
4489,65
4491,124
4492,65
4493,89
4493,140
4494,89
4494,140
4495,89
4495,140
4496,140
4496,159
4496,1541
4497,140
4497,159
4497,1541
4498,140
4498,159
4499,65
4500,21
4501,81
4502,9
4503,140
4504,140
4505,140
4506,140
4507,140
4508,24
4508,259
4509,268
4510,177
4511,177
4512,146
4513,272
4514,152
4515,253
4516,253
4517,265
4518,252
4519,388
4520,388
4521,157
4522,176
4526,40
4526,89
4527,124
4529,59
4529,62
4530,408
4531,24
4532,24
4533,24
4534,81
4535,81
4536,89
4536,140
4537,333
4538,167
4539,259
4540,140
4540,159
4554,1
4555,28
4556,28
4557,65
4557,431
4558,11
4559,187
4560,187
4563,28
4563,153
4563,187
4564,28
4564,40
4564,59
4564,124
4564,155
4566,252
4567,1540
4570,153
4572,333
4573,333
4574,333
4575,333
4577,58
4577,118
4577,408
4578,58
4580,34
4580,408
4581,408
4582,82
4582,230
4583,175
4584,313
4585,155
4586,82
4586,230
4587,346
4588,89
4589,65
4590,65
4591,65
4592,65
4593,65
4594,65
4595,65
4596,65
4597,65
4598,65
4599,65
4600,65
4601,65
4602,65
4603,65
4604,65
4605,65
4606,65
4607,65
4608,65
4609,65
4610,65
4611,65
4612,65
4613,65
4614,65
4615,65
4616,28
4617,28
4618,28
4619,28
4620,28
4621,28
4622,28
4623,28
4624,28
4625,28
4626,28
4627,28
4628,28
4629,28
4630,28
4631,28
4632,28
4633,28
4634,28
4635,28
4636,28
4637,28
4638,21
4638,28
4639,28
4640,28
4641,28
4642,28
4643,28
4645,28
4646,28
4647,28
4648,28
4649,28
4650,28
4651,28
4652,28
4653,28
4654,28
4655,28
4656,28
4657,28
4658,28
4659,28
4660,28
4661,28
4662,28
4663,28
4664,28
4664,81
4665,28
4666,28
4666,40
4666,65
4666,124
4666,164
4667,28
4668,28
4669,28
4670,28
4671,28
4672,28
4673,28
4674,28
4675,28
4676,28
4677,28
4678,28
4679,28
4680,28
4681,28
4683,153
4684,187
4684,246
4685,252
4686,164
4688,40
4689,40
4690,40
4691,40
4692,40
4693,40
4694,40
4695,40
4696,40
4697,40
4697,279
4697,332
4698,40
4699,41
4700,49
4701,49
4702,41
4703,414
4704,41
4704,65
4705,41
4706,1544
4707,1544
4708,1544
4709,50
4710,414
4711,414
4712,49
4713,49
4714,49
4715,49
4716,49
4717,49
4717,124
4718,49
4719,49
4720,49
4721,49
4722,49
4723,49
4724,49
4725,65
4726,65
4727,65
4728,65
4730,65
4731,65
4732,65
4733,65
4734,65
4735,65
4736,65
4737,65
4738,65
4739,65
4740,65
4741,65
4742,65
4743,65
4744,65
4745,9
4745,28
4745,65
4745,124
4746,28
4747,89
4748,89
4749,89
4750,89
4751,89
4752,89
4753,89
4754,89
4755,89
4756,89
4757,89
4758,89
4759,89
4760,89
4761,89
4762,89
4763,89
4764,89
4765,89
4766,89
4767,89
4768,89
4769,89
4770,89
4771,89
4772,89
4773,89
4774,89
4775,89
4776,89
4777,89
4778,18
4779,179
4780,151
4782,89
4783,65
4784,1
4785,40
4785,89
4785,177
4785,196
4786,42
4787,42
4788,42
4789,42
4790,42
4791,42
4792,42
4793,42
4794,42
4795,42
4796,42
4797,42
4798,42
4800,42
4801,42
4802,42
4803,42
4804,42
4805,42
4806,42
4807,42
4808,1493
4809,1493
4811,42
4812,42
4813,194
4814,1493
4815,1493
4816,1493
4817,1493
4818,1493
4819,1493
4820,1493
4821,1493
4822,1493
4823,1493
4824,1493
4825,1493
4826,1493
4827,408
4828,408
4830,408
4831,408
4832,408
4833,21
4833,408
4834,408
4835,408
4836,408
4837,34
4837,230
4837,408
4838,408
4839,408
4840,408
4841,408
4842,408
4845,1543
4846,1547
4847,282
4848,1548
4850,58
4851,1549
4852,368
4854,368
4856,368
4857,1
4858,1550
4859,34
4861,12
4861,13
4862,34
4864,1551
4866,317
4867,317
4868,317
4869,379
4870,155
4871,155
4872,155
4873,155
4875,155
4876,155
4877,155
4878,155
4879,155
4880,155
4881,89
4882,155
4883,155
4884,155
4885,155
4886,155
4887,155
4888,155
4889,155
4890,155
4891,155
4891,175
4892,155
4893,155
4894,155
4895,155
4896,155
4897,155
4898,155
4900,155
4901,155
4902,155
4903,155
4904,155
4905,9
4905,49
4905,155
4906,155
4907,155
4908,155
4909,155
4910,155
4911,155
4912,155
4913,155
4914,155
4915,155
4916,155
4917,381
4918,381
4919,381
4920,381
4921,381
4922,381
4923,381
4924,381
4925,381
4926,381
4927,381
4928,381
4929,381
4930,381
4931,155
4932,155
4933,155
4934,155
4935,381
4936,155
4937,155
4938,155
4939,381
4940,381
4941,381
4942,1
4942,381
4943,65
4943,175
4943,293
4943,346
4944,162
4945,124
4946,124
4946,190
4947,124
4948,124
4948,153
4949,124
4950,124
4951,124
4951,153
4952,124
4953,124
4954,124
4955,124
4956,124
4957,124
4959,124
4960,124
4961,124
4962,124
4963,124
4964,124
4965,124
4966,124
4967,124
4968,124
4969,124
4970,124
4971,124
4972,124
4973,124
4974,124
4975,124
4976,124
4977,124
4978,124
4979,124
4980,124
4981,124
4983,124
4984,28
4984,117
4984,124
4985,124
4986,124
4987,124
4988,124
4989,124
4990,124
4991,42
4991,65
4991,89
4991,124
4991,155
4991,177
4991,196
4991,319
4992,124
4993,44
4994,162
4995,44
4996,21
4997,21
4998,21
4999,21
5000,21
5001,21
5002,21
5003,21
5003,118
5004,21
5005,21
5006,21
5007,21
5008,21
5009,21
5010,21
5011,21
5012,21
5013,21
5014,21
5015,21
5016,21
5018,21
5019,21
5020,21
5021,21
5022,21
5023,21
5024,21
5025,21
5026,21
5027,21
5028,21
5029,21
5030,21
5031,21
5032,21
5033,21
5034,21
5035,21
5036,21
5037,28
5037,153
5038,414
5040,262
5041,262
5050,167
5051,255
5052,255
5053,176
5054,265
5055,252
5056,252
5058,252
5059,252
5060,267
5061,267
5062,267
5063,267
5064,146
5065,146
5066,146
5069,262
5071,157
5072,157
5073,268
5074,268
5075,268
5076,268
5077,268
5078,268
5079,268
5080,268
5081,268
5082,268
5083,268
5084,268
5085,268
5086,268
5088,177
5089,155
5090,177
5091,177
5092,320
5093,177
5094,179
5095,253
5096,259
5097,253
5098,259
5099,259
5100,117
5101,24
5102,28
5102,65
5102,124
5102,190
5103,49
5104,9
5104,40
5104,42
5104,65
5104,89
5104,124
5104,155
5104,177
5104,190
5104,196
5105,11
5105,59
5105,155
5105,187
5106,28
5106,65
5107,285
5109,47
5110,34
5111,285
5112,440
5113,11
5114,11
5115,117
5116,117
5118,81
5119,81
5120,81
5121,81
5122,28
5123,28
5124,28
5125,28
5126,28
5127,28
5128,40
5129,65
5130,65
5131,162
5132,65
5133,65
5134,65
5135,65
5136,65
5137,65
5138,65
5139,65
5140,28
5141,65
5142,65
5143,65
5144,65
5145,65
5146,66
5147,151
5148,151
5149,151
5150,151
5151,151
5152,151
5153,19
5154,9
5155,21
5156,21
5157,21
5158,279
5159,21
5160,11
5161,28
5162,281
5165,124
5166,124
5167,124
5168,124
5169,124
5170,44
5171,124
5173,44
5174,62
5176,62
5176,124
5177,62
5177,319
5181,164
5183,164
5184,61
5185,82
5186,79
5187,61
5188,79
5189,49
5189,89
5189,175
5190,49
5191,49
5192,282
5193,282
5194,42
5195,1556
5196,337
5197,337
5198,177
5198,1461
5199,177
5199,1461
5200,177
5200,1461
5201,177
5201,1461
5202,323
5203,326
5204,326
5205,326
5206,319
5207,319
5208,319
5209,299
5210,81
5210,190
5211,190
5212,190
5213,190
5214,124
5215,21
5216,190
5217,190
5223,230
5224,118
5225,118
5226,118
5227,363
5228,177
5229,78
5231,86
5232,86
5233,58
5234,246
5235,349
5236,379
5237,379
5239,1544
5241,140
5242,140
5243,140
5244,140
5245,140
5246,140
5247,140
5248,89
5249,159
5250,159
5251,159
5252,159
5253,159
5254,159
5255,140
5256,140
5257,140
5258,140
5259,140
5260,140
5264,140
5265,140
5266,140
5268,140
5269,337
5270,166
5271,177
5271,1461
5272,190
5273,58
5273,408
5276,1497
5277,1497
5278,1497
5279,1497
5280,416
5281,416
5282,327
5283,327
5284,86
5286,1553
5286,1554
5287,1442
5288,1442
5289,1442
5290,1442
5291,1442
5292,1442
5293,1442
5294,1442
5295,1442
5296,65
5298,196
5299,155
5299,196
5300,408
5301,140
5302,140
5303,92
5305,58
5306,58
5307,65
5308,65
5309,65
5310,65
5311,65
5312,65
5313,65
5314,65
5315,65
5316,78
5316,82
5319,190
5320,28
5321,1588
5322,259
5323,89
5325,187
5326,152
5328,1442
5329,1470
5330,153
5331,86
5332,253
5333,117
5334,24
5335,34
5336,81
5337,151
5338,59
5339,1555
5346,1546
5347,1546
5349,1583
5350,1583
5353,1
5354,62
5358,1442
5359,1557
5360,1557
5361,1557
5362,1557
5363,1557
5364,151
5365,65
5366,81
5367,140
5368,140
5369,140
5370,140
5371,89
5371,140
5372,140
5373,140
5374,140
5378,117
5379,117
5380,117
5381,117
5382,146
5383,190
5384,190
5385,190
5386,124
5386,190
5387,190
5388,190
5389,190
5390,190
5391,190
5392,190
5393,190
5394,190
5395,190
5396,190
5397,190
5398,190
5399,190
5400,190
5401,190
5402,190
5403,190
5404,190
5405,190
5406,190
5407,175
5407,190
5408,190
5409,190
5410,190
5413,65
5414,65
5415,65
5417,65
5419,1558
5422,278
5423,278
5424,115
5426,279
5428,24
5430,65
5431,65
5432,65
5433,65
5434,65
5435,65
5436,65
5437,65
5438,65
5439,65
5440,140
5441,1497
5442,1497
5443,1497
5444,117
5446,117
5447,146
5448,190
5449,190
5450,190
5451,190
5452,190
5453,190
5454,190
5455,190
5456,190
5457,190
5458,190
5459,190
5460,190
5461,1558
5462,1558
5463,1558
5464,1558
5465,159
5466,159
5467,159
5468,159
5469,159
5470,159
5471,159
5472,159
5473,159
5474,159
5476,159
5477,159
5478,159
5479,159
5480,159
5481,159
5482,159
5483,159
5484,159
5485,159
5486,159
5487,159
5488,159
5489,159
5490,159
5491,159
5492,159
5493,159
5494,159
5495,159
5496,159
5497,159
5498,159
5499,159
5500,159
5501,159
5502,159
5503,1558
5504,1558
5505,140
5505,159
5505,175
5506,152
5506,153
5506,379
5507,62
5507,124
5507,177
5508,177
5508,279
5509,159
5510,159
5511,159
5512,159
5513,159
5514,159
5515,124
5515,159
5516,159
5517,159
5518,159
5519,159
5520,21
5520,34
5521,155
5522,253
5523,253
5524,253
5525,177
5526,177
5527,177
5528,177
5529,177
5530,177
5531,177
5532,28
5532,177
5533,177
5534,177
5535,177
5536,177
5537,177
5538,177
5539,177
5540,179
5542,162
5543,179
5544,252
5545,252
5546,252
5547,42
5549,253
5551,253
5552,65
5552,177
5553,177
5554,177
5555,1559
5556,1559
5557,1559
5558,49
5559,12
5560,1565
5566,96
5571,1444
5572,1444
5573,1444
5574,1444
5575,1560
5576,1560
5577,1560
5578,1560
5579,1561
5580,1562
5581,1565
5582,1566
5583,1567
5584,1565
5584,1567
5585,86
5586,86
5587,86
5588,1444
5589,1560
5590,1567
5591,262
5592,388
5593,268
5594,268
5595,388
5596,268
5597,157
5598,176
5599,252
5600,152
5601,253
5602,253
5603,157
5604,157
5605,274
5606,152
5607,268
5608,152
5609,268
5610,388
5611,266
5612,167
5613,255
5614,376
5615,179
5616,268
5617,259
5618,152
5619,9
5619,81
5619,151
5619,152
5619,252
5619,253
5620,259
5621,274
5622,21
5622,40
5622,49
5622,59
5622,117
5622,152
5624,255
5625,146
5626,253
5627,388
5628,262
5629,1464
5630,268
5631,1464
5632,177
5633,253
5634,255
5635,264
5636,388
5637,265
5638,268
5639,268
5640,268
5641,268
5642,265
5643,268
5644,265
5645,262
5646,255
5647,149
5647,401
5648,1568
5649,1569
5650,62
5650,157
5650,267
5651,256
5652,157
5653,149
5654,149
5655,149
5656,391
5657,146
5658,1570
5659,1571
5660,149
5661,1572
5662,1573
5663,1574
5664,149
5665,255
5666,149
5667,1575
5668,259
5669,11
5671,11
5672,11
5673,11
5674,11
5675,28
5676,153
5677,28
5678,153
5680,153
5681,153
5682,153
5683,153
5684,153
5685,153
5686,153
5687,153
5688,281
5689,152
5690,152
5691,196
5692,28
5693,11
5694,11
5695,11
5696,11
5697,11
5698,11
5699,11
5702,153
5703,153
5704,187
5705,153
5706,28
5707,65
5708,155
5709,124
5710,90
5711,157
5712,157
5713,151
5714,151
5715,164
5716,164
5717,164
5718,164
5719,164
5720,164
5721,196
5722,196
5723,196
5724,196
5725,196
5726,196
5727,196
5728,196
5729,196
5730,196
5731,196
5732,196
5733,66
5734,36
5735,36
5736,24
5737,24
5738,24
5739,24
5740,24
5741,24
5742,155
5743,196
5744,196
5745,196
5746,196
5747,196
5748,196
5751,24
5752,24
5754,299
5755,299
5756,299
5757,299
5758,299
5759,166
5760,166
5761,166
5762,166
5763,166
5764,166
5765,24
5766,24
5767,24
5769,196
5770,196
5771,196
5772,196
5773,196
5774,146
5775,346
5780,65
5782,50
5790,65
5800,28
5801,50
5803,65
5804,175
5805,175
5806,42
5807,40
5807,65
5807,89
5807,124
5807,155
5807,177
5807,190
5810,293
5810,433
5810,1460
5811,416
5812,416
5813,416
5814,1461
5815,162
5817,177
5818,175
5819,175
5821,153
5824,65
5825,21
5829,42
5830,65
5831,175
5832,21
5833,65
5835,420
5836,420
5838,19
5839,1578
5840,188
5841,188
5842,11
5842,124
5842,155
5842,190
5846,264
5847,259
5848,273
5849,152
5850,260
5851,255
5852,261
5853,157
5854,272
5855,271
5856,270
5857,274
5858,253
5859,268
5860,269
5861,179
5862,252
5863,275
5864,272
5865,42
5865,65
5866,42
5866,65
5867,140
5868,359
5869,1579
5870,1
5888,177
5889,40
5891,42
5892,42
5893,140
5899,1560
5900,11
5901,1470
5902,1470
5903,408
5904,21
5904,408
5910,1497
5926,98
5927,29
5927,195
5927,408
5928,1581
5929,10
5929,29
5930,1580
5931,50
5933,190
5934,190
5935,28
5936,255
5938,34
5941,430
5942,7
5942,98
5944,34
5947,27
5949,159
5950,159
5951,159
5952,1582
5953,1582
5954,1582
5955,58
5956,58
5957,58
5958,1583
5959,1583
5960,1583
5961,1583
5962,1583
5963,1583
5964,1442
5965,1442
5966,1442
5967,1442
5968,1442
5969,1442
5970,1442
5971,1442
5972,1442
5973,1442
5974,1584
5975,1584
5976,1584
5977,1584
5978,1584
5979,82
5981,21
5982,1
5983,1
5985,1448
5986,177
5987,1493
5988,11
5988,28
5988,40
5988,201
5989,319
5990,319
5991,319
5992,319
5993,319
5994,319
5995,319
6004,117
6005,117
6006,117
6007,117
6008,117
6009,117
6010,24
6010,117
6010,259
6011,62
6012,62
6013,62
6015,86
6016,327
6017,327
6018,327
6019,38
6020,58
6020,155
6024,1
6025,1
6026,1
6027,1554
6028,1554
6029,1554
6030,1554
6031,1554
6032,1554
6033,431
6034,1456
6035,1456
6036,323
6037,326
6038,326
6039,9
6040,9
6041,9
6042,21
6043,58
6045,86
6046,38
6047,1440
6048,1440
6050,420
6051,1440
6053,362
6054,362
6056,362
6057,81
6058,155
6060,349
6061,155
6062,155
6063,155
6064,362
6065,18
6066,420
6067,420
6071,65
6072,21
6074,190
6075,1472
6076,65
6077,246
6078,246
6079,246
6080,268
6081,40
6081,155
6082,431
6082,432
6083,431
6083,432
6084,65
6085,65
6086,65
6087,65
6088,65
6089,1
6091,21
6093,65
6094,305
6097,28
6098,28
6099,155
6101,190
6102,190
6103,253
6104,175
6105,287
6106,155
6106,381
6107,65
6108,1
6109,1
6110,155
6111,124
6112,21
6113,190
6115,65
6117,1483
6118,175
6119,65
6120,155
6122,11
6123,11
6124,11
6125,21
6126,21
6127,177
6128,65
6129,431
6129,432
6130,1
6131,58
6133,58
6134,379
6137,28
6138,232
6139,1497
6140,65
6145,18
6146,18
6147,89
6148,89
6149,181
6150,181
6151,181
6152,181
6153,181
6154,1588
6155,1588
6156,1588
6157,1588
6158,1588
6159,1588
6160,1588
6161,1588
6162,1588
6163,1588
6164,1588
6165,1588
6166,1588
6167,1588
6168,1588
6169,1588
6170,1588
6171,1588
6172,190
6173,333
6174,1588
6175,1588
6176,1588
6177,1588
6178,232
6179,232
6180,232
6181,232
6182,232
6183,232
6185,11
6185,28
6185,42
6185,65
6186,346
6187,151
6190,65
6191,89
6191,140
6191,1589
6192,190
6193,190
6194,177
6195,162
6196,153
6197,81
6197,187
6197,190
6198,42
6198,89
6198,153
6198,196
6199,408
6200,42
6201,49
6202,355
6203,9
6203,40
6203,49
6203,65
6203,89
6203,124
6203,146
6203,177
6203,196
6203,1493
6208,1483
6209,1483
6210,1483
6211,83
6212,83
6213,83
6214,83
6215,83
6216,83
6217,83
6218,83
6219,83
6220,83
6221,83
6222,124
6223,36
6223,40
6223,65
6223,124
6224,124
6224,1442
6225,31
6226,259
6227,28
6228,1438
6229,1438
6230,89
6232,153
6233,89
6233,164
6233,281
6234,89
6234,140
6235,89
6235,140
6236,89
6236,140
6237,89
6237,140
6238,89
6238,140
6239,89
6239,140
6240,89
6240,140
6241,268
6242,268
6243,152
6244,388
6245,28
6245,153
6245,164
6246,28
6247,65
6248,65
6249,65
6250,65
6251,65
6252,65
6253,65
6254,24
6254,28
6254,140
6254,153
6254,187
6255,140
6256,140
6257,140
6258,140
6259,346
6259,1560
6260,420
6261,420
6262,420
6262,1558
6263,420
6264,420
6265,420
6266,65
6267,65
6268,1470
6269,1470
6270,140
6271,140
6273,392
6274,392
6275,40
6275,65
6275,124
6275,155
6277,124
6278,421
6280,155
6281,155
6282,177
6283,65
6291,122
6298,1460
6300,65
6301,40
6302,408
6303,190
6304,190
6305,190
6306,1558
6307,196
6308,196
6309,319
6310,82
6310,230
6311,408
6312,431
6312,432
6313,420
6314,327
6314,420
6315,420
6316,420
6326,431
6329,65
6330,65
6331,65
6348,279
6349,7
6350,11
6351,155
6354,1590
6355,34
6356,124
6356,153
6356,175
6356,190
6357,65
6358,305
6359,21
6361,44
6363,379
6367,175
6368,175
6375,58
6380,34
6380,408
6381,34
6381,408
6382,408
6383,408
6384,408
6385,190
6386,164
6387,42
6389,151
6392,177
6393,177
6394,2
6394,12
6394,83
6397,89
6397,140
6398,140
6401,232
6403,232
6404,2
6404,12
6404,83
6405,2
6405,12
6405,83
6406,2
6406,12
6406,83
6407,2
6407,12
6407,83
6412,21
6419,363
6420,363
6421,363
6422,140
6422,159
6426,420
6427,420
6428,420
6429,420
6430,420
6431,420
6432,305
6433,305
6434,305
6435,305
6436,305
6437,305
6438,305
6439,305
6440,305
6444,155
6449,21
6449,28
6449,40
6449,124
6456,42
6459,65
6461,65
6461,341
6462,28
6463,1
6465,28
6466,65
6467,34
6467,230
6468,62
6470,28
6470,153
6476,65
6478,1558
6479,162
6488,44
6490,89
6492,11
6494,9
6494,28
6494,42
6498,40
6498,65
6498,124
6499,44
6503,126
6504,126
6505,126
6506,34
6506,414
6507,178
6508,178
6509,178
6511,65
6512,9
6512,21
6512,28
6512,124
6512,175
6516,414
6518,1444
6519,28
6523,65
6524,164
6526,21
6528,21
6528,28
6528,40
6528,117
6531,176
6532,28
6533,40
6534,49
6535,11
6535,28
6536,40
6538,58
6539,40
6540,21
6541,21
6543,28
6544,9
6544,21
6544,28
6544,40
6544,44
6544,58
6544,65
6544,124
6545,408
6547,28
6547,65
6550,336
6552,28
6553,28
6556,65
6557,162
6558,11
6558,28
6558,65
6558,89
6558,159
6558,1539
6560,1466
6561,11
6561,124
6562,343
6563,343
6564,49
6569,432
6570,1528
6571,1588
6572,1470
6573,155
6574,153
6577,187
6579,58
6581,230
6581,408
6582,1559
6583,153
6583,287
6584,293
6585,62
6586,19
6587,54
6589,151
6590,21
6592,89
6593,40
6600,21
6602,58
6603,152
6604,305
6605,89
6607,1476
6610,232
6611,232
6612,232
6613,232
6614,232
6615,232
6616,162
6617,89
6621,140
6622,140
6623,140
6624,140
6625,140
6626,140
6627,140
6628,40
6628,42
6628,65
6628,89
6628,124
6629,40
6629,42
6629,65
6629,89
6629,124
6629,177
6629,196
6630,40
6630,42
6630,65
6630,89
6630,124
6630,177
6630,196
6631,40
6631,42
6631,65
6631,89
6631,124
6631,155
6631,177
6631,196
6632,177
6633,96
6633,116
